mo,horizon,MAE_naive,R2_naive,MAE_seasonal_naive,R2_seasonal_naive,MAE_mean,R2_mean,MAE_prophet,R2_prophet,MAE_lgbm_simple,R2_lgbm_simple
Абазинский муниципальный район,1,3573.0,,1792.0,,5902.91304347826,,1681.7043000263366,,3375.9887686890324,
Абазинский муниципальный район,3,1384.3333333333333,-0.6581661559118486,2882.0,-2.808154128963533,4044.523809523809,-6.968319930089629,1330.9056193091176,0.144789722727253,1372.8234389115012,-0.6221072518785429
Абазинский муниципальный район,6,989.1666666666666,-0.007105499597222176,3582.0,-8.567296690281362,4543.7222222222235,-13.872359604472207,1171.9523015362138,-0.059696783359209915,2250.731812286387,-3.38709501591196
Абазинский муниципальный район,12,2351.0,-0.8898545866884253,3730.25,-2.3954831783484933,3741.902777777776,-3.096045364449794,2950.0394085043736,-1.2250547015102273,1811.4566949632426,-0.053569871243843936
Абанский муниципальный район,1,5661.0,,3220.0,,6470.782608695652,,4617.066089400803,,7228.220678158836,
Абанский муниципальный район,3,2943.0,-1.2271607453600604,2039.6666666666667,0.31015547745301597,2793.333333333332,-1.1055196292059408,2159.372605476276,0.023074631346417074,2538.3754383004984,-1.3584388879903457
Абанский муниципальный район,6,1435.8333333333333,-0.008208700951138903,2034.1666666666667,0.024532300180830302,2181.3333333333335,-1.0289445818363534,1631.8475036816228,0.10390988039518578,1690.9857830537032,-1.128982078963484
Абанский муниципальный район,12,2476.5833333333335,-0.8828502478479894,2082.5,-0.1687500421030863,2446.597222222223,-1.017398082774306,1610.304447317688,0.060219776322968044,2606.8721132602873,-1.324982844895577
Абатский муниципальный район,1,5839.0,,3005.0,,6839.0,,3837.7566165311364,,5214.720589820652,
Абатский муниципальный район,3,2572.6666666666665,-1.0905200775892343,2727.0,-0.2641579903221061,3651.095238095239,-2.1964076614183363,1953.7490126514228,0.10497773311883551,2350.967151750459,-0.7221722900383867
Абатский муниципальный район,6,1596.0,-0.0801589964372249,3440.1666666666665,-2.0948613645017007,3702.7222222222226,-3.3707172217414687,1693.0681967363391,0.002296196136575168,2059.43829593527,-1.0252014920665178
Абатский муниципальный район,12,2587.6666666666665,-0.8165132440896143,3003.4166666666665,-0.9273626004210442,3242.9583333333335,-1.7571842082362914,1587.6383518489483,0.2168071703394231,3357.8597189684588,-1.9011772842008705
Абзелиловский муниципальный район,1,3380.0,,1320.0,,4452.08695652174,,3071.1303502158007,,3689.8422080110395,
Абзелиловский муниципальный район,3,2159.6666666666665,-1.459942718622186,1715.6666666666667,0.053920626860688436,2026.57142857143,-1.2855417836147578,1420.7897140737903,0.039523725653751396,1720.8676895989327,-0.9565979948766967
Абзелиловский муниципальный район,6,997.3333333333334,-0.0019972062343156516,1976.5,-0.885827217513304,1626.1111111111095,-1.212370824563898,1074.1077005275492,0.1263832361166467,1181.96088330163,-0.42875313342404686
Абзелиловский муниципальный район,12,2290.9166666666665,-2.2731257086745136,1867.1666666666667,-1.1576163340179386,1910.4583333333333,-1.6256828890552204,1114.7670678333363,-0.04728916497965918,2571.076874097187,-3.3331175026951705
Агинский муниципальный район,1,4796.0,,3599.0,,7779.91304347826,,4691.698014214595,,5162.043773625697,
Агинский муниципальный район,3,2631.6666666666665,-1.491494481609024,4514.666666666667,-3.5334305823748684,5053.047619047621,-5.49878416755387,2148.4130516289274,-0.853776681417671,4556.69813596937,-5.064400038340698
Агинский муниципальный район,6,3268.6666666666665,-3.327247854086906,3974.6666666666665,-4.184050257072201,4911.222222222222,-7.511437468847612,3061.5659012818287,-2.7966884687458204,5647.979585838325,-9.94374062234574
Агинский муниципальный район,12,3121.9166666666665,-0.7352215085037899,2809.8333333333335,-0.19886955440598908,3339.3611111111118,-0.8235784206021786,2013.681205195652,0.3390126435198553,3650.474562034347,-1.2990674488851424
Агрызский муниципальный район,1,2912.0,,3431.0,,5647.521739130436,,3140.0100416777823,,3683.15528733674,
Агрызский муниципальный район,3,2176.3333333333335,-2.600580136271689,3600.0,-6.123791199747482,4005.190476190475,-8.80776589488231,1712.035858899623,-1.4270838677107602,2351.48666956266,-3.0360187923654625
Агрызский муниципальный район,6,1371.8333333333333,-0.9946857586274094,3435.6666666666665,-5.298166379712412,3430.722222222224,-6.220915591664683,1456.7724932008193,-0.8377712645244411,2070.333373573083,-2.3643311016219144
Агрызский муниципальный район,12,1510.0,-0.14345168027302213,2620.5833333333335,-1.468078934495666,2757.2916666666665,-1.9857016060943655,1146.702248141826,0.3049966857684505,2665.7722556670547,-1.909261678938758
Адамовский муниципальный район,1,3520.0,,2466.0,,6086.739130434784,,3105.8813532932436,,4421.6175427939015,
Адамовский муниципальный район,3,3559.0,-3.6932622052441983,3138.3333333333335,-1.9563089424130342,3711.0,-4.015467122875468,1358.404807640448,0.10400256891952386,2092.8490008884014,-1.6127335071091675
Адамовский муниципальный район,6,1491.6666666666667,-0.060170437088662876,3160.3333333333335,-2.158067022319703,3003.7222222222213,-2.712939939363438,1430.9293404583677,0.0885062973295806,1360.7602478206147,-0.17313439162681643
Адамовский муниципальный район,12,2128.5,-1.006238176813175,3299.25,-3.092839727255157,3299.25,-3.7131094398248097,1010.5205269312073,0.39438623267845674,2262.7718306647384,-1.5081045182157369
Азнакаевский муниципальный район,1,3128.0,,2061.0,,4559.0,,2355.8293835096556,,3726.0050563215627,
Азнакаевский муниципальный район,3,2016.6666666666667,-2.149713438103758,2592.3333333333335,-2.6776704312664914,2792.809523809525,-4.1228256092159965,993.5910401646228,0.03917936940488009,1896.7184172926197,-2.0201858778813517
Азнакаевский муниципальный район,6,1258.3333333333333,-0.9179739567389855,2748.5,-4.234284084499744,2499.6111111111118,-4.2356304821301825,847.0617853611153,0.21445261665905635,1298.3498168574467,-1.1161626623985468
Азнакаевский муниципальный район,12,1375.25,-0.6599153670376243,2552.5833333333335,-3.387259312913402,2552.583333333332,-4.039235224807322,1030.2703162175824,-0.06810370776533325,2237.8438188632326,-2.985136950919137
Азовский немецкий национальный муниципальный район,1,3819.0,,1174.0,,4750.956521739132,,3062.0556187916627,,4963.818019059574,
Азовский немецкий национальный муниципальный район,3,2642.3333333333335,-2.714080421914911,2268.0,-1.32829381523583,2716.9523809523794,-2.869535215276466,1436.7016131718738,-0.31164834780100614,2341.71577771756,-2.3895295276516206
Азовский немецкий национальный муниципальный район,6,1123.5,-0.02524393571718675,2316.5,-1.6022320186532926,2401.555555555557,-2.5884217566462278,1381.544511235139,-0.2554698683563399,1846.7011003937969,-1.336628542944723
Азовский немецкий национальный муниципальный район,12,2711.1666666666665,-1.9104510991771786,2021.3333333333333,-0.5040158582806558,2169.4166666666665,-0.9004756170858643,1089.0729841680657,0.3027172128662512,2742.895163440708,-2.003944492869952
Акбулакский муниципальный район,1,3530.0,,1732.0,,4184.782608695652,,2153.533556507784,,3065.5331823711567,
Акбулакский муниципальный район,3,1560.3333333333333,-1.0678650974193857,1518.0,-0.1579555989013619,2202.0000000000014,-2.126749055105503,1300.8484687890038,0.13523014648559795,1521.4271840869078,-0.8997994738639856
Акбулакский муниципальный район,6,961.0,-0.1166145810082364,1876.5,-1.4286486489498125,2130.3333333333335,-2.844604800748591,1102.0951573953116,0.07129237442055758,1129.7850635740585,-0.8988476968799528
Акбулакский муниципальный район,12,1583.0833333333333,-0.6758357635292116,2000.6666666666667,-0.96183290233535,2273.2083333333335,-1.6560456319728316,1360.336472280136,-0.1590342892383827,1705.0992829415525,-0.6867684549472626
Аксубаевский муниципальный район,1,1935.0,,2110.0,,3926.82608695652,,1400.2891269187385,,2580.978326971228,
Аксубаевский муниципальный район,3,1969.6666666666667,-3.508169117388486,2490.6666666666665,-4.722645473407114,2634.1428571428573,-6.2744216306415375,846.5063579128691,0.29490197720493705,1518.3286845512473,-1.9957682233827958
Аксубаевский муниципальный район,6,809.1666666666666,-0.0011797534180315594,2624.6666666666665,-5.395863053800328,2628.4999999999986,-6.231466147460578,927.6088413060825,0.09055393827528391,1387.7335480838344,-1.4784071437639152
Аксубаевский муниципальный район,12,1013.3333333333334,-0.06043658914067307,2644.4166666666665,-3.5667449269345077,2673.0138888888882,-3.857480416085849,930.7868781766805,0.43128382649220776,1669.2076443672188,-1.027398835416863
Актанышский муниципальный район,1,2298.0,,1936.0,,3259.217391304348,,1519.893298764724,,2224.27947973182,
Актанышский муниципальный район,3,1504.3333333333333,-2.145099330745516,2070.3333333333335,-3.157297869221119,1918.5714285714287,-3.489114286680664,851.4531774462885,0.18593977971524844,835.9442140721512,-0.009568093571283853
Актанышский муниципальный район,6,1308.1666666666667,-1.4356638822606627,2173.0,-4.625714443572924,1933.2222222222226,-4.235701370064317,836.1206318788705,0.04697723339777182,780.4897261619566,-0.2208831325475038
Актанышский муниципальный район,12,977.5,-0.03458583521394565,1949.6666666666667,-1.7499268778929853,2049.6666666666665,-2.205357397471562,1042.815212140819,-0.004720843339852898,2114.028836929391,-2.3694813713999254
Алагирский муниципальный район,1,4804.0,,1933.0,,7024.565217391304,,3185.8497011753825,,5201.299282012333,
Алагирский муниципальный район,3,3248.6666666666665,-2.114792365005159,2136.6666666666665,-0.04220869652649517,4084.0476190476206,-3.342250705194213,1922.8042032163746,0.19762155415468363,2599.829576502029,-1.3153912903473897
Алагирский муниципальный район,6,1890.5,-0.6616172129673312,2178.0,-0.7039504471085487,3664.944444444443,-3.3702233454315005,1827.5189890635836,-0.13867528775313187,1981.5224753485782,-0.8326841720816296
Алагирский муниципальный район,12,3410.25,-2.638182854761426,3421.5833333333335,-3.050162368785501,3421.5833333333344,-3.2387775052698835,5510.655313992487,-8.41411975120787,1367.75,-0.009382622334642043
Аларский муниципальный район,1,7393.0,,3281.0,,8433.304347826088,,6705.307338610222,,8721.877183213695,
Аларский муниципальный район,3,3623.3333333333335,-1.0062375934062255,2729.0,0.4174736294707404,3408.285714285715,-0.8903401295937625,2814.833423406446,-0.09077233914990779,3399.2851007523655,-1.030382186858755
Аларский муниципальный район,6,2093.0,-0.12778059639268413,2388.8333333333335,0.28424571738766835,2890.1111111111118,-1.0106236336086654,2172.4377630654617,-0.057902403337472874,2820.682729445694,-0.8970728126404921
Аларский муниципальный район,12,4446.25,-2.0517228699740446,1877.6666666666667,0.43397235519498567,2409.3611111111118,-0.4386426591753032,2285.6339284565706,0.0020475023658662606,3216.4470451301954,-1.2266722420912521
Алданский муниципальный район,1,10163.0,,7941.0,,14047.956521739128,,6513.276139069851,,9891.571734849138,
Алданский муниципальный район,3,4633.0,-1.0003484298473189,7542.0,-1.6664958564515633,7913.857142857145,-2.9187917298710526,4056.5195997267633,0.17808543689071576,4789.692550062762,-1.2056812066329226
Алданский муниципальный район,6,3357.8333333333335,-0.00036454188833445755,7346.166666666667,-2.7386427504418673,8745.055555555557,-5.207701042320731,3691.6873950047557,-0.03316434743475183,4610.698274739584,-1.4476191007085357
Алданский муниципальный район,12,4334.75,-0.15795366526047494,7090.083333333333,-1.098186691566883,7543.805555555552,-2.032366975429536,4131.280820231421,-0.09101579036831797,6799.054291449641,-1.6104168420218157
Александро-Невский муниципальный район,1,5121.0,,4781.0,,8384.08695652174,,5479.45040718724,,6892.072096303713,
Александро-Невский муниципальный район,3,4115.666666666667,-2.888992748846258,4244.0,-2.0969363167631974,5269.047619047621,-4.735112612125123,2594.3995624372583,-1.0236149415134475,4226.416342453624,-3.2649389310030017
Александро-Невский муниципальный район,6,2483.5,-0.9173948722232941,3421.3333333333335,-0.8668269919347558,3571.0,-1.8967394627421932,1540.9330329130291,0.2313171796580774,2354.141105127337,-0.7841791679820889
Александро-Невский муниципальный район,12,2510.0,-0.4816205296664138,3081.1666666666665,-0.8321523718041692,3305.4444444444434,-1.5578876743982488,1555.1314073838557,0.3667440238230987,2482.3603502167553,-0.675982393613445
Александрово-Гайский муниципальный район,1,4239.0,,3307.0,,5328.521739130436,,2625.714731548509,,3326.3567854601497,
Александрово-Гайский муниципальный район,3,1677.0,-0.08326934550544984,2681.6666666666665,-1.0158169360572624,2634.4761904761895,-1.7684303823192766,1867.1079571854486,0.10389841081744855,1697.8099124405162,-0.0381018631701302
Александрово-Гайский муниципальный район,6,1271.5,-0.15151357191130987,3117.5,-3.1908195369300003,3093.333333333332,-3.658588044476926,1329.0475969957545,0.05907765493441097,1397.9870489332388,-0.7721673854114135
Александрово-Гайский муниципальный район,12,1303.25,-0.04034144274639595,2841.5,-1.6630948607011198,3067.125,-2.2706043405820493,1207.9818753334027,0.372820858032363,2705.6130398074743,-1.600905327160183
Александровский муниципальный округ,1,4509.0,,4385.0,,7825.652173913044,,4596.864029044536,,5771.448881515727,
Александровский муниципальный округ,3,3103.6666666666665,-1.8973219125836782,4441.666666666667,-2.8897122911445523,4944.285714285713,-4.815018911573157,1826.2151009774716,-0.4955535791190131,3180.8923715843,-1.9929152381303412
Александровский муниципальный округ,6,1891.6666666666667,-0.8132941243854483,3947.5,-2.8042630764797103,4278.555555555556,-4.376865034101662,1570.5544420878061,-0.24627127824778383,2864.0499408091364,-2.0345553419082028
Александровский муниципальный округ,12,2256.1666666666665,-0.4271823973427913,3244.8333333333335,-1.2196212864930267,3308.0,-2.0200562827702195,1257.6379421146203,0.5394376975480208,2265.353823940836,-0.747793197443118
Александровский муниципальный район,1,6521.666666666664,,5449.999999999996,,9008.884057971012,,4673.333593640535,,6294.75838268951,
Александровский муниципальный район,3,3045.888888888887,-1.0822593613746543,4908.999999999999,-1.8441794273687613,5155.888888888887,-3.101061198431739,2337.464144621232,0.14117646255549554,2498.1463444617,-0.570105673823248
Александровский муниципальный район,6,1601.4999999999993,-0.17542189128135321,5041.055555555555,-3.698373631377363,4935.8703703703695,-4.467702345751165,1782.6828880769353,0.17929548123490502,2055.97582812839,-0.7355956428403791
Александровский муниципальный район,12,1878.4444444444446,-0.10643302274966437,4708.36111111111,-2.5507011555016037,4776.356481481481,-3.4305020394278323,1446.8513351066695,0.4750409678144387,4357.143725755474,-2.7364195648607907
Алексеевский муниципальный район,1,5473.0,,4644.666666666668,,7497.289855072464,,4674.367253845663,,5865.746640337347,
Алексеевский муниципальный район,3,2826.555555555557,-1.1854992725296043,3823.3333333333344,-1.231971859501083,4015.761904761907,-2.392886783915526,1942.7761029494407,-0.02335523455546573,2193.70153469298,-0.6016974607162149
Алексеевский муниципальный район,6,1372.0555555555554,-0.012390021311537547,3519.722222222223,-1.8508857460403756,3465.129629629631,-2.69513587818039,1382.2322325906032,0.16247329874568694,1525.1863547558266,-0.3949661143300178
Алексеевский муниципальный район,12,1757.8333333333321,-0.1940333175884139,3113.0277777777787,-1.2146236663053585,3365.8472222222204,-1.943109776340223,1295.2746803823359,0.3740972594997307,2777.7099661058805,-1.1335488895482113
Аликовский муниципальный округ,1,2868.0,,1780.0,,3741.608695652174,,2780.875089218942,,3511.3309858045395,
Аликовский муниципальный округ,3,1769.6666666666667,-1.725261995400849,2101.3333333333335,-1.5595392230411989,1920.4285714285713,-2.031741407052333,977.198630844959,-0.4461975457919862,2068.181194671626,-2.4970540443976863
Аликовский муниципальный округ,6,1038.3333333333333,-0.2409410344378251,1812.5,-1.284832216552796,1725.388888888888,-1.6752771876583403,1151.0049978686582,-0.5859027261856744,2402.5115232520593,-3.2146270653813342
Аликовский муниципальный округ,12,1672.0,-0.8019456009239647,1354.5833333333333,-0.3598821763916562,1386.125,-0.6551397309323366,1113.9868329936655,-0.24252526297703159,1863.3275341033961,-1.6463846446238377
Алтайский муниципальный район,1,5062.5,,3309.0,,7111.91304347826,,3642.796784836566,,5065.074401445036,
Алтайский муниципальный район,3,3003.1666666666665,-1.7563792771883375,3002.3333333333335,-0.8494267961087318,4145.428571428572,-3.3465576227496836,1783.8299199722326,0.1361631564060195,2105.793418304391,-0.8738573387758135
Алтайский муниципальный район,6,1509.9166666666667,-0.2769328755021969,3052.8333333333335,-1.6456994166196957,3929.3333333333344,-4.167396530361781,1545.4071136059508,0.14883651112417362,2279.5898601532012,-1.4569331647572334
Алтайский муниципальный район,12,2479.4583333333335,-0.7148505545892836,3157.25,-1.0198922464123958,3349.8819444444434,-1.9170697515118431,3013.0299210960256,-1.1378773944972704,1866.7712590356657,-0.12580049858644116
Алькеевский муниципальный район,1,3655.0,,2079.0,,4326.91304347826,,2654.6391917618967,,3685.969020902674,
Алькеевский муниципальный район,3,1757.6666666666667,-1.0639999237718483,1459.6666666666667,0.19985318427413246,1985.4761904761897,-1.3576815944958747,1483.2858315365265,0.12496535344664816,1547.869922224677,-0.7845189541164548
Алькеевский муниципальный район,6,1028.1666666666667,-0.09339686131717317,1639.0,-0.4515040015870746,1766.8333333333321,-1.5805095107106761,1248.5816007787241,0.06399151080347187,1030.2759300973703,-0.1948544130925529
Алькеевский муниципальный район,12,1493.3333333333333,-0.8353951162157374,1841.5833333333333,-1.337011320087587,1849.6805555555566,-2.1541407124670964,1135.0022230182005,-0.10683633774783075,1260.8898775418584,-0.8275681727257731
Альменевский муниципальный округ,1,4764.0,,2967.0,,6051.869565217392,,2863.6139848636703,,4213.010942927936,
Альменевский муниципальный округ,3,1801.6666666666667,-0.4709527702335745,3216.0,-1.697765829006355,3482.3333333333335,-2.9887698569791428,1650.6379899377,0.1521110986136649,1731.2127918004978,-0.3883404907945276
Альменевский муниципальный округ,6,1369.1666666666667,-0.5815498149827372,3584.1666666666665,-4.233272560762588,3587.8333333333344,-4.979118145713314,1215.085391199106,0.14571779670110618,1693.862498330016,-1.114007326713379
Альменевский муниципальный округ,12,1793.6666666666667,-0.41296271415711994,3338.0833333333335,-2.6130103483966423,3395.125,-3.3981926965520213,1037.120482965538,0.4969524299229049,2801.807973113988,-2.0802824100263524
Альметьевский муниципальный район,1,4995.0,,4756.0,,8254.695652173912,,3642.4011868864545,,5551.363948175,
Альметьевский муниципальный район,3,3343.0,-2.027751639797872,4272.666666666667,-2.3375794799217373,5246.5714285714275,-4.994513459515732,1826.4597006245458,0.20168251097914436,2774.09124193509,-1.1900262691681505
Альметьевский муниципальный район,6,1847.3333333333333,-0.5793061160176665,4340.5,-3.458605645275018,4858.333333333332,-5.526183295752117,1498.8988455016308,0.2412548663454075,2366.0042939631094,-1.2940716001207382
Альметьевский муниципальный район,12,1777.3333333333333,-0.14038922981158808,4605.833333333333,-3.1782192876362245,4605.833333333336,-4.104317670320257,2198.746219243759,-0.2882906791206894,2586.5655841827434,-0.9159958769472587
Альшеевский муниципальный район,1,3438.0,,1783.0,,4388.956521739132,,2991.274748948388,,5307.195464435357,
Альшеевский муниципальный район,3,2304.0,-1.7385455919794746,1595.6666666666667,0.14397760809982596,2001.2380952380954,-1.311652096025239,1409.7793144894956,0.05146929725105842,1939.9182067809295,-2.117175083422609
Альшеевский муниципальный район,6,1108.5,-0.0787475034742744,1710.8333333333333,-0.3484932366393847,1740.5,-1.2734261337369106,1182.1477056324486,0.11229142042655915,1343.8671944406276,-0.7593787188464383
Альшеевский муниципальный район,12,1909.9166666666667,-1.3068654140900997,1620.6666666666667,-0.5158534714054646,1780.0972222222233,-1.3197271857547435,948.7831896320768,0.24346434554674912,1930.1292138636165,-1.669071049735102
