target,horizon,MAE_naive,R2_naive,MAE_mean,R2_mean,MAE_prophet,R2_prophet
frustration,1,0.0,,0.01388888888888884,,0.0004345762116397811,
frustration,3,0.0,1.0,0.015625,0.0,0.0032794241353167886,0.0
frustration,6,0.0,1.0,0.019230769230769273,0.0,0.015942407422541088,0.0
PR_plus,1,0.15345708430550342,,0.4504952342014441,,0.2783160633146835,
PR_plus,3,0.1798861316787542,-0.44908117167344863,0.470395635125673,-8.198163977908974,0.43426843555624073,-6.964189681927759
PR_plus,6,0.7637246025408656,-31.539933396944683,0.4881423495385288,-12.884874236589575,1.2112036011010494,-82.20104823498507
lambda_1,1,0.05279239023113114,,0.005339062497093039,,0.14980664672103927,
lambda_1,3,0.1848917181547994,-65.78159452363036,0.04358869697269233,-3.6560931569049844,0.29423795497832234,-174.5262798098723
lambda_1,6,0.08822915364360062,-0.7704056721702823,0.12432378498091667,-2.9002109165878585,0.5077186747150652,-60.563472797606906
