mo_norm,share_health,share_marketplace,share_food,share_grocery,share_transport,log_total,growth_health,growth_marketplace,growth_food,growth_grocery,growth_transport,cv_health,cv_marketplace,cv_food,cv_grocery,cv_transport,mob_logratio,louvain
автово,0.0572616081109357,0.1260771147590877,0.0799794563542637,0.3259192330372258,0.0673888645831351,10.687621185107185,0.1406107911488329,0.4979885187361569,0.1892855122475534,0.1122153558538675,0.1066787454704486,0.0751849928124872,0.1896191993758195,0.0699461129929233,0.0760346939833566,0.0764734467178863,0.0717268296682389,1
адмиралтейский,0.0586234884876594,0.1172121914858373,0.0956087460659267,0.2860858042073878,0.0704008613549776,10.825945892221524,0.1629916861095594,0.4729600333055786,0.2198622030602756,0.107314133305978,0.1503857084855867,0.0740124479010188,0.1790724917182699,0.0922748474961501,0.0771677204554374,0.0878944013509086,0.1320521024139334,1
академическое,0.0611850843606754,0.1253227490687682,0.0846775799577807,0.3159711218593117,0.0680582757969802,10.781510317250364,0.1225060363451519,0.450920245398773,0.1714621115929183,0.1130828920719357,0.1168229610684854,0.0685337919625406,0.1792101686629462,0.0684776214013247,0.0738601217165265,0.0890582464055579,0.037397333638891,1
александровский,0.0507826104284351,0.1621279141544677,0.0388291254898532,0.4022021150702948,0.0561031204329232,10.330990895313276,0.12498871309181,0.6540590491151872,0.2019598771922442,0.1239716908060931,0.1244859982753141,0.0616915744001317,0.210299023737066,0.1010660972615209,0.0764232906660667,0.0860817254451172,0.0713365261923666,1
апатиты,0.0395656034378704,0.157101686031419,0.0660936882536669,0.3744570456337954,0.0522906184430044,10.827754721221051,0.1401820174393671,0.4549046029461304,0.1315141393268606,0.1248143678075286,0.1630686624250671,0.0641459540030568,0.173257386203114,0.0947658511704994,0.0773437308495665,0.1499978900735336,-0.7792701266377111,0
аптекарский остров,0.061841673627249,0.1136352985607445,0.1021896200486827,0.2548923935306555,0.0715823540276273,11.009745538229788,0.1613646364507028,0.4959084063651043,0.2223632796399187,0.1294485534376088,0.1771612493766715,0.0558124674132851,0.1676519751020863,0.0883174594435162,0.0734227869760712,0.0923804063736705,0.1368540227717896,1
архангельск,0.0469309166019518,0.1271385911117871,0.0597104245558695,0.3804650660091108,0.0585955951227713,10.636736468291843,0.1411329569787814,0.4970305429864253,0.1693254419315643,0.1023602412433309,0.0978362770465368,0.0781360108722216,0.1906298251228787,0.0886368491873875,0.0775802489866083,0.0865487732782446,-0.0553681365802489,1
бабаевский,0.0311886419677453,0.1611811373347832,0.0225353406950209,0.4746756926469912,0.0533380301104253,10.211208131325185,0.0146487294469357,0.5451929288776648,0.023653819396132,0.0364096013269038,0.1086139937607435,0.0817451641888474,0.1854826594545078,0.1445609817607467,0.0730058180047543,0.1170786487732118,-0.0011402509787318,0
бабушкинский,0.0511653683086502,0.1345794266198687,0.0603398559115464,0.3704634439753635,0.0664865936462308,10.518461457500562,0.0966947536154904,0.456480397893505,0.2908192771084336,0.1009928897577696,0.1140134000188731,0.0753040604352924,0.1895653374670801,0.1047691391754888,0.0735376948013213,0.0900462809186148,0.0163996545330751,1
багратионовский,0.0443289975989359,0.1515822839474184,0.0228878409424608,0.4288317700506123,0.0492606795529529,10.050069662863434,0.061640293722205,0.8509280742459395,-0.0835206640152169,0.0314626115317899,-0.0669883854081464,0.0885031663544083,0.219858964989214,0.1899935357053643,0.077231865566207,0.0864401524685335,0.040753616114129,0
балканский,0.0601129570751739,0.1286114318323579,0.0734808714264859,0.3359629315754649,0.0717650917515551,10.690938725044951,0.1472663458407207,0.4907264976047114,0.2116797448963641,0.1241610312496035,0.1311558689935453,0.0741185347632198,0.1852557441969647,0.0789559784287846,0.0727917753977575,0.0925798800953406,0.0044009479940534,1
балтийский,0.0431224021860898,0.1336964601677258,0.0594500225100248,0.4148074084156083,0.0400521394993351,10.368436763034593,0.1143050388907678,0.6758751927556678,0.1644109504767763,0.0797342871742463,0.1013387073556932,0.1466171246675614,0.2993459732268493,0.1028588696854179,0.0827143597878311,0.1802329487648688,-0.0185829610811401,0
бежаницкий,0.0411223746926553,0.1668383676048405,0.0231933627285339,0.4960062361780745,0.046129174049807,10.096913889062188,0.0326836840289754,0.5315071084071492,0.3271762625270192,0.0703783847875384,-0.0162577810325887,0.1002884512698263,0.1955646284664798,0.2354577637023296,0.0751103922150565,0.1051552542298542,0.057559746268982,0
белозерский,0.0412881525230702,0.1468306968191569,0.0754102330297653,0.4437516316623849,0.0452287354190865,9.99998263612522,-0.011638438547233,0.6884204572646785,0.3568194969195684,0.0040148953473439,-0.0415330339961513,0.0837491756041263,0.2390486489157952,0.0699093471199186,0.0849747322613267,0.10041896134211,0.0125472160520886,0
беломорский,0.0379407714993284,0.1694747274529237,0.0178297994448985,0.4358558858352684,0.0401761277456661,10.450430521293624,0.0667118644067796,0.3946026391507095,0.116075471698113,0.0969043761113234,-0.0243602506295015,0.0601202710247715,0.1940695765464679,0.1691710725426845,0.0710215022687934,0.1117670068640133,-0.0065324129953125,0
бокситогорский,0.0407868796609193,0.188433279809217,0.0301455171256297,0.4323629686595841,0.0422823818816273,10.412333718467488,0.0971698113207545,0.4575364761960123,0.1798039215686274,0.1028767140794131,0.093411932370279,0.0782543999556222,0.1727148743978187,0.124725807345998,0.0680306335292465,0.1581399756922197,-0.0054127331067502,0
большая охта,0.0580769624748181,0.1235684774814764,0.0844128794345614,0.3079472120736163,0.073845050705091,10.795745121002165,0.1471252739841511,0.5064521500228946,0.2225601463788541,0.1149799723073878,0.1487835971528737,0.0736626122756663,0.1830087873106555,0.0841166636568325,0.0748133138128885,0.0937006822722655,0.1501008648245567,1
боровичский,0.0505558178806092,0.1613058985789096,0.0337225525739423,0.4215038961939747,0.0551789634870202,10.34941459034899,0.1218256082400994,0.4504413740165034,0.169055766207343,0.0939542483660131,0.0984015718761616,0.0819217091012518,0.1931236894934481,0.1621189773940228,0.073772092286607,0.0915405342755232,0.0111789782064893,0
валдайский,0.0465296541336023,0.1842000379317832,0.0252081437889453,0.4430212390499463,0.0449876446836406,10.319516114830064,0.1184671291707962,0.4581891768392193,0.0706280644408124,0.0939795017986832,0.0397687567498888,0.0886712142934068,0.1979282487388846,0.1530037531545162,0.0778561145945822,0.1365106694513018,0.0487604204119009,0
васильевский,0.0606201296640825,0.1126377388614812,0.0940899632251018,0.2961715360283778,0.0677129086238973,10.817759581533362,0.1605704054226883,0.4975797140065726,0.1962079069174912,0.1283530998676574,0.1409877585479105,0.0735928454658636,0.1900421758178531,0.0861093005631762,0.073452204953139,0.1013909275617646,0.1581976299074554,1
введенский,0.0566195633606592,0.1179108009547078,0.100068797886228,0.2767649635402546,0.0724806887937802,10.881364012843203,0.1792603714462903,0.546155110764046,0.2194488474686325,0.1228065713849752,0.1622063073250408,0.0673512727288316,0.1700788358477477,0.0868215001605143,0.0777144673322974,0.0902325889957371,0.1565478877082655,1
великие луки,0.0535621192094828,0.1568185528248929,0.0380408739290472,0.4111142121421161,0.0590702523946687,10.36253028839901,0.1911816371940507,0.5199305874547031,0.3115468409586057,0.1262812421105782,0.1680637267662831,0.0844756712441218,0.2015931557466895,0.1396217858111981,0.0783612628103271,0.1195949933723945,-0.005865119452398,1
великий нов,0.054541797426686,0.1388071225730544,0.0548575680042218,0.3847188668594453,0.0664891718808463,10.559220553844025,0.1308013093583246,0.4403474123614166,0.2350993377483443,0.1337238205713265,0.3149970057318847,0.0754235683035818,0.1906263047690045,0.1032768069636218,0.0789229625584036,0.1180561992023535,0.024683778707129,1
великолукский,0.0497194403011577,0.1690745081326798,0.0293628808864265,0.3951322300352771,0.0606340412434595,10.314612802253633,0.2995195715523352,0.653633213622604,0.4940859508476805,0.0969869208558809,0.1384522125681956,0.1741052409338527,0.2196693519550838,0.1066329093363966,0.0766960725345756,0.082989061052461,0.1034700618835324,0
великоустюгский,0.0397354600495367,0.1339986010457756,0.0321845472892395,0.4321277864416109,0.0608573754701403,10.277473460062115,0.2179070380458659,0.5204931364257367,0.2787015945330297,0.1098594452911595,0.1666849857111453,0.0812045841608271,0.1920901531593928,0.1790842408830196,0.0770965033969277,0.1082948671874481,0.0127510582410166,1
вельский,0.0392960666906459,0.1718945052154962,0.0394071472399128,0.4469061422254194,0.0526918519772337,10.358049656043086,0.1219512195121952,0.4699536356440122,0.509778093018543,0.0771098929117796,0.1319886363636363,0.0738034068604059,0.1810359450074808,0.1454634780293169,0.079216804536923,0.117365189264483,0.0620033273052393,0
верхнетоемский,0.0432263969104687,0.1614238467991874,0.0134265646991936,0.4912742929646603,0.0372497902640939,10.087439723600175,0.0338280407926373,0.8382219414946116,0.0336269015212169,0.0337452402141721,-0.1138144329896907,0.1339565213385801,0.2438215991962208,0.203359396996103,0.0680212030701965,0.1193464020127423,0.0029985029962565,0
верховажский,0.0355407573445561,0.1537398339449031,0.01554683492189,0.4982959910862199,0.0490290580081883,10.146613453557569,0.0962507558959886,0.6373538418708241,0.4506097560975611,0.0983549883322289,0.0576584196799887,0.0877206794809414,0.2179914518268258,0.2791788124480158,0.0879915131135121,0.1053664380364106,-0.0072535761488915,0
вилегодский,0.0479248343923212,0.1871157547783206,0.0237354912223102,0.4226810096757372,0.0532358678228625,10.161631385034958,-0.0002685825555629,0.5646229208160628,0.0197759645968745,0.0024734334921216,-0.069745205017155,0.1001646901140862,0.1553513746951151,0.1834357427040852,0.0715692294247841,0.1185379201315312,0.1363073729396114,0
виноградовский,0.0380702613021088,0.1663450025086726,0.0161109110329267,0.5312075795772502,0.046467388795006,10.206319902751703,0.0761332985295398,0.5653622222865917,0.3130958354239839,0.1099355552411211,-0.0092537901161646,0.0786560951931419,0.1896098835174021,0.2685542670079363,0.080476164392581,0.1085038658435125,-0.0006420545966952,0
владимирский,0.0600054234096874,0.1138916034361905,0.0933713313106402,0.2914315243362718,0.0644686508159844,10.79678085917758,0.1563414073027244,0.5098690904157905,0.2185176941909637,0.0955531620249269,0.1515566928654116,0.0630026151079244,0.1807212953077102,0.0982274631641731,0.0708884365254738,0.1029599774582973,0.2644314022188079,1
вожегодский,0.0322363622435895,0.1501643624833888,0.0168991943407349,0.521580277834212,0.0463412278393743,10.12750738646922,-0.0600174808196562,0.5255802936996683,0.0756836972652109,0.0468808492432749,0.024896876841485,0.1265549862623393,0.1949596763390707,0.1622821636921923,0.0723130063446048,0.1185986638037509,-0.01911562630876,0
волковское,0.0562326535537589,0.1224522631545679,0.079545128054842,0.3243806995466221,0.070272620532063,10.680694362127545,0.1396739130434783,0.4618920216779859,0.2204361114376396,0.1078816187149193,0.118195672051204,0.0697882212720136,0.1733857649469123,0.0748511799406848,0.069361633140313,0.0784881211962423,0.1085110848577231,1
вологодский,0.0435181109701473,0.1471325376071252,0.0439867436501566,0.4133961629081117,0.0638065401444735,10.379312745217486,0.1201599466844385,0.5036780270956814,0.2164542460260633,0.0932882321523945,0.0705938572483599,0.0841453701858762,0.2075953288184765,0.0857580218092328,0.0712225944545467,0.0802063451748103,0.0515147701553155,1
волосовский,0.0359735189775712,0.2013364208068003,0.0301424492966596,0.4098324155026793,0.0516904412019375,10.424822756686703,0.1865361077111383,0.5202682507658971,0.315482617145325,0.0946792482753152,0.1048011844331641,0.10627892782321,0.2042671861833488,0.2092015696588935,0.0762075272357778,0.146960317249203,0.1246896020430614,0
волотовский,0.0376453701157962,0.2145853938963297,0.0070341818389565,0.4232149424589642,0.041844455315092,10.057898912669035,0.0610909822866345,0.4183187010289813,-0.1263858093126386,0.0347910355243972,0.0424301725671588,0.1724347835418228,0.2742434487886506,0.636899489379002,0.0825418788110836,0.1068643232470905,-0.0396973954535603,0
волховский,0.0416898201482726,0.1830457783861684,0.0402893168706431,0.408741399328662,0.0496320290581841,10.515763557337603,0.1396813634679511,0.4916520938794294,0.207419442187923,0.1211492230290714,0.17059136920618,0.0726421439000089,0.1930505562998085,0.1016421510677764,0.0769770913605543,0.109904163415847,-0.1225245928233367,0
воркута,0.0359739707306477,0.1468409191698871,0.049216678281489,0.3633472409517517,0.031046872595958,10.73724233229544,0.1183388666929266,0.5941479327149818,0.1854209356062257,0.0891525865156102,0.1523009741350351,0.0935262369797036,0.1624650769080662,0.1918930292655391,0.0755078799678285,0.1039212180266244,0.3256000676643749,0
всеволожский,0.0505707652547198,0.1497674011126199,0.0807569319724911,0.3249148013491612,0.0783336983661132,10.769777137296895,0.1584186233192855,0.4300819809268865,0.1683439377424017,0.124821817431866,0.1354447097069133,0.0650399854930472,0.1707869695671483,0.0778132741959528,0.0761246566616645,0.0733872708347702,0.0926563616395061,1
вуктыл,0.034806727523679,0.1737855648011063,0.0438138820492925,0.4195465545588658,0.0321069563312669,10.360208037646322,0.1350258175559379,0.7245253371742829,0.3157394198763671,-0.0116445339699592,-0.0484905365243234,0.0969394729071058,0.209024641184112,0.1279746716148784,0.066774636695596,0.1357585052490636,-0.0147346597569366,0
выборгский,0.0462954405731529,0.1644198353350558,0.0552700416685083,0.3666386733582728,0.0677203669400367,10.632946572138442,0.1907911735827606,0.4400999507285139,0.2163416898792943,0.1226630411378583,0.1281167375079487,0.0855050171558707,0.1826772346788813,0.1070255327472016,0.0791768795744565,0.0885558517049252,0.143414437956733,1
вытегорский,0.0361455131137847,0.1461284704107104,0.0192660133184577,0.4990194425939155,0.0597484529131785,10.346513342862176,0.1540104211155717,0.6116734043494938,0.431610337972167,0.0980954343410556,0.1368935498650918,0.0769519677882226,0.2130240934386394,0.3137492740640408,0.0788060896138844,0.1348735454027234,0.1348539055915543,0
гавань,0.0605063822600476,0.1145255408781901,0.0918360421306504,0.2934640038007869,0.0718361368346452,10.874211228269584,0.179471400879973,0.4909688687968767,0.1955574733900463,0.1218480549806614,0.1458784430233142,0.0832570835197657,0.1791195500581077,0.0754551765496482,0.0771768148969358,0.0919747453498132,0.145538085890277,1
гагаринское,0.0614413726654077,0.1244516114929115,0.0819761996445248,0.3074052836990938,0.0722451937709455,10.81092083947302,0.1710842601198678,0.4980770787790461,0.2243765225908531,0.1252869954880923,0.1521896537852987,0.0837974693421335,0.1850773642081386,0.0877432974585294,0.0774414253002168,0.0947547735807146,0.0477828950918941,1
гатчинский,0.0546644044629517,0.1597217807304745,0.0567862138020916,0.3603221653580851,0.068567421087765,10.64414630243362,0.1387244961304473,0.4346770883523386,0.2115034120289916,0.1227312120836945,0.1656253166267014,0.0727780193877791,0.1798847579909687,0.0971569243937125,0.0792469038935408,0.082339089366763,0.0325846630541017,1
гвардейский,0.0408450654764204,0.1358095793284847,0.0311947998131753,0.4782640759378983,0.039882848303302,10.074533977704656,0.0506775067750677,0.8233380480905234,0.0423609481342408,0.0664839467501957,-0.094121400654064,0.0921544496139726,0.2987410511228971,0.1237908398097479,0.0740289534765615,0.0775078112795398,0.0220898852722837,0
гдовский,0.0368617594254937,0.2061903052064632,0.0322657091561939,0.4615655296229802,0.0456552962298025,10.05230977560449,0.0067666960870844,0.6256369607066017,0.1240930698023518,0.0243198878034008,-0.015028274847006,0.0980483590465638,0.244100336065848,0.1900274428026894,0.070124980731794,0.0938787162214978,0.0202785769734869,0
георгиевский,0.0582773140112589,0.1492134336171033,0.0648768034089135,0.3412827965580259,0.075065891579653,10.499517922316343,0.131020808269839,0.4799499032221336,0.2207797818338914,0.1227463953655238,0.1423979315525584,0.0671407265008737,0.1841327170462501,0.0888500599793648,0.0776347330042959,0.0846243805631123,0.0129341489983623,1
горелово,0.0542344236430348,0.1476529836389109,0.0667864552937429,0.3384114628879246,0.0804872795155924,10.720309636818302,0.1552549019607842,0.4660817109953386,0.2144148366363149,0.1136637646388822,0.1475104333447072,0.0718370729272475,0.1863998086556196,0.0754665173863671,0.0779674786079491,0.0809371583933413,-0.1199830145439109,1
гражданка,0.0604908740545548,0.1235569521702523,0.081684345507132,0.3176871778793142,0.0701910442082568,10.764501628364822,0.1337360932290119,0.4503463248216686,0.1890769230769231,0.1153658250001546,0.1185370235221466,0.0759555485779286,0.1777004815430658,0.0695661524945552,0.0724563150148349,0.0786410264854151,0.0134055256461511,1
грязовецкий,0.0408350979354155,0.1433397300158814,0.0191238750661725,0.5086487559555319,0.0375066172578083,10.13410973570602,0.0597630087583719,0.522509225092251,0.0564796198135624,0.0749802462747619,-0.0754424598319876,0.0797875164869206,0.184997640249369,0.1247326855203991,0.0656627523191647,0.1127363845756985,0.0291944185094835,0
гурьевский,0.0516736247112926,0.1246731414632846,0.0546954386959328,0.3871010327458055,0.0706753239517817,10.445917215716603,0.1552312357846853,0.7234751452441943,0.3001669833592446,0.1322703150794605,0.14041704938537,0.0647090254161477,0.2150226841408224,0.1293459450210918,0.084527531120445,0.083762302203134,0.0105580113349412,1
гусевский,0.0418640495737787,0.1279859079613727,0.0413513258469378,0.4353653549746783,0.0485546223774024,10.184654698868648,0.0530938439626521,0.7326576672486478,0.0884252359662195,0.1059995844720397,0.0045555121697253,0.0642897674187546,0.2619325760764716,0.1180909714878215,0.0825169567810142,0.0806443438890597,-0.0082304991365154,0
дачное,0.0584655057417663,0.1265306577439066,0.0796025631259881,0.3284279209064949,0.0692690557715852,10.711192201829878,0.1610463400236127,0.4928759316089436,0.2084614299816668,0.1247653769557223,0.1259966175404686,0.0830157193894619,0.1812067681616069,0.0704294973337071,0.0740976388691267,0.0861048857956335,-0.0261311365021532,1
дворцовый,0.0597386684653966,0.1113196221429433,0.094321933469682,0.2668917141875856,0.0651348583345452,10.894257854179726,0.1693416510205317,0.4443574611586173,0.2397917683422808,0.1150582045464828,0.176000670372336,0.0811551990138568,0.173411920554577,0.114359682437188,0.0738324633739082,0.0998637777241414,0.2431871176279028,1
дедовичский,0.0443193384010238,0.1784328676566914,0.020913460730997,0.4747651182554425,0.0520888267837408,10.118985282241448,0.1195587611370385,0.40254528172361,0.4003598740440847,0.054296583619275,0.0882105263157894,0.0961966543341569,0.1386370847983707,0.0912953397594405,0.0754849986511669,0.0980606934443385,0.0825977026759686,0
демянский,0.0450856627592425,0.1957205176321497,0.0131810285101538,0.499542180335688,0.0489118514366485,10.083177176609537,0.0422535211267605,0.5850955845034681,0.168879283729546,0.0420876032217533,-0.008119175374188,0.1099732109389507,0.2189466877899673,0.1461816598206203,0.0705258124197339,0.0918801448741139,0.0256171643703003,0
дновский,0.038240522810356,0.1782669387550703,0.0247508638389503,0.4683071260453704,0.042885222094246,10.189655980005114,0.0979511143062544,0.4800945896782911,0.4797904191616767,0.0764847656390518,0.1095635274111264,0.081545526331691,0.1797492301167381,0.1933712914151173,0.0671733306890157,0.108757158943013,-0.0040983663922822,0
екатерингофский,0.0534593309801645,0.1266291722469559,0.0856690486575601,0.326418578376083,0.071129232773479,10.677532844038662,0.1378675718784508,0.4954615594081872,0.2244589695704711,0.1156652459167121,0.1278067208969321,0.0765190280492278,0.1797610929932792,0.0859933950658014,0.0728843617110988,0.0843511234506097,0.0404175455764204,1
заполярный,0.0324839521735378,0.1101606846072174,0.0402011652729162,0.4065868308403396,0.0444668294897335,10.701568907883544,0.0200270954821228,0.8235622903987082,0.2133959913939532,0.0524197268308789,0.0873354433282877,0.1217349541695672,0.238527986657818,0.2154295301316816,0.0933170939677458,0.1304103847975143,-0.0324182597768534,0
звездное,0.0636045274072563,0.1228722014390323,0.0849828883889593,0.2932761246821446,0.0712967860761833,10.86484087488052,0.1447538210076563,0.4608550699929913,0.1891693048557542,0.1149655042915205,0.1246858349251031,0.0749045540943857,0.1738885310783751,0.076637112327511,0.0761566910926352,0.0833749010339558,0.0740440137692888,1
зеленогорск,0.0533296237731157,0.1738962004007733,0.0608960700966011,0.324061193656652,0.076153984314195,10.764818628001168,0.1557777438559,0.4385642908126847,0.2127577500350679,0.1233496310132029,0.1197762933043343,0.0808842496409157,0.1818352805685023,0.1052095747862566,0.072585049096958,0.0688218467952786,-0.0031771788762564,1
зеленоградский,0.0546529419947141,0.1125707926792917,0.0747411720286946,0.3413926037795838,0.0671879657413111,10.64391979691605,0.1879832404647746,0.6673730684326711,0.3933466696302883,0.1281264979939193,0.3106562778617669,0.095436999679733,0.245180892084389,0.1518082874330119,0.0783757818735057,0.1176220693850113,-0.0707263947862362,1
ивановский,0.0486902391544104,0.1349516287814302,0.0579655220908801,0.3569396229487568,0.0673903227955381,10.53287072675928,0.130238312056494,0.6858159963014331,0.2448061547265186,0.1217810634645179,0.1113620272942556,0.0669674859186196,0.1879307361655832,0.0830353702477054,0.0807508766999408,0.0604839737158914,0.0649578962747723,1
ижемский,0.0321668146035534,0.1527290717809176,0.017673850093855,0.4807211559448802,0.0528032827437684,10.2624053959609,0.0692657444132728,0.6800051219668353,0.0701321585903082,0.0481686887659272,0.0400091711567121,0.0811448552576487,0.2414543441493569,0.21931582852695,0.0834147224370626,0.1336243469171764,-0.0028288562004776,0
измайловское,0.0598768824714213,0.1168907863427416,0.0943381369851796,0.2782695514824339,0.067903616203388,10.876497249855076,0.1479379264537166,0.4537869440037605,0.2089564287299952,0.0939403694715467,0.1399302067361074,0.0678486625519401,0.1627046319321493,0.0683810297015443,0.0700422637974457,0.08367235984831,0.1105166179840617,1
инта,0.0380943057459102,0.1539248236818316,0.0274069044236801,0.4194227011985053,0.0263362896741915,10.59686387350807,0.1341312166687337,0.5205242690479619,0.0963172804532578,0.0814276968023972,0.1070834427808423,0.080698673066223,0.155157072648826,0.2379524821938945,0.0827654466500744,0.0849793165253472,-0.0084829219944769,0
кадуйский,0.0292057306224145,0.1520180160035776,0.0171120090718883,0.4960150772228522,0.0406318378559678,10.169265854335238,0.0616581514166279,0.4942853554383321,-0.1037309687134013,0.042686488990955,-0.0660107203172039,0.0924738724846104,0.2054200474280178,0.1465298690611874,0.0805222884449641,0.1362970861479336,-0.0128807401486229,0
калевальский,0.035667423524982,0.1862008374884474,0.0211288979154068,0.4664399895028696,0.0699519642184772,10.505585670157927,0.0901101966801507,0.5202712773885825,0.2297781909948201,0.094546038715896,0.0747116362233987,0.0678297652034838,0.2231696584826238,0.1872450705482878,0.09283001179532,0.1220305516001527,-0.0227282510775561,0
калининград,0.0593903016900963,0.0931922287158426,0.0803139365767702,0.3398080359065986,0.0741168482441583,10.612136868347884,0.1465684527345451,0.7122074397919571,0.2091787887210845,0.1171190612671544,0.150119369727837,0.0660625947404853,0.247177834573827,0.1027404919977287,0.0807563246571176,0.0780320597126768,-0.0382721225639317,1
кандалакшский,0.0375906102022038,0.1782412082856437,0.0429094010188738,0.4033622089065434,0.0485461223695923,10.704591874601164,0.0976408912188728,0.4113282985339849,0.3189238905495515,0.1022296948542752,0.0893449158588274,0.0453757527393208,0.1787552933241817,0.1557298601111943,0.0702499381708712,0.1215390910771974,-0.0288740391572719,0
каргопольский,0.0392957796725054,0.1632329682613297,0.0253082896317172,0.5023129154626426,0.048800137942516,10.241101993736118,0.0351632860834835,0.459749029616632,0.4974494283201406,0.0606188052000225,0.0344718931182254,0.0939532750630536,0.2030297017890742,0.2664536429937682,0.0765014217779996,0.0834491989722425,-0.0162794292888628,0
кемский,0.0346683159027056,0.1809587241679154,0.0195080307751673,0.4579035144057068,0.0343987292424879,10.358718539125851,-0.017821040808686,0.2139323770855127,-0.0327611060149389,0.0570982287223982,-0.080861581920904,0.0750110711552255,0.1695994067470698,0.1841681429194882,0.0733572482484867,0.0626420160926072,0.0468405181856316,0
кингисеппский,0.0430546794628164,0.1598099282256187,0.055925117451701,0.3778273474918764,0.0546197669073738,10.642561675170333,0.1430005282620179,0.4501462569065761,0.1898814563928875,0.1077881692638899,0.1117456460105305,0.0717278362573699,0.1583340856080491,0.0906252961975519,0.0717059399432017,0.1010789461848035,-0.0159744575775038,1
кирилловский,0.0354016028495102,0.1663009795191451,0.0164630454140694,0.4220089047195013,0.0467355298308103,10.060355964552857,-0.0701655907942745,0.5476332537788385,0.1303497187576425,0.0112840035166485,-0.0859630790665272,0.121205573328701,0.2760368935262435,0.2826762775274722,0.088466800504469,0.0997905746415569,0.026149662983918,0
киришский,0.0506762494748227,0.1571352588341512,0.0566789133524631,0.3980418711505627,0.0441662867512313,10.526480473172866,0.1142450002456881,0.4156029796657942,0.2183311716385646,0.0951511350500504,0.1723217463518805,0.0880664907219477,0.172285619019555,0.0870354837379521,0.0736299964410605,0.1422923070183284,-0.0557596074766377,1
кировск,0.0344102931113496,0.1709057636652416,0.0585798946582041,0.3612413758467208,0.0476156845019492,10.879894541737269,0.1054250277301603,0.4511980596497775,0.1724148762407337,0.0879861596929416,0.0435814529444139,0.0355276989314095,0.1681224701505025,0.1068423589191189,0.0686827820757977,0.1424858158438911,0.2052651423218994,0
кировский,0.045215359917037,0.1729943395036053,0.033243319618908,0.4096237412011606,0.0619547080218965,10.31503841040191,0.0830561158691842,0.4874545972509082,0.2440845215953709,0.0891490552705715,0.1575944387840643,0.0756485729583695,0.19977492092986,0.1197480113550431,0.0560325106681135,0.0842636063671871,-0.0031942253393364,0
кичменгско-ецкий,0.0373403186954414,0.1425280737114886,0.0315956542807581,0.4304389962989753,0.0659934125975293,10.07462878623539,0.0903311801496974,0.6120576671035387,1.717607973421927,0.0087890383903221,0.0912152354409801,0.0903902251786658,0.1877274957825715,0.415167739767264,0.0658179341945522,0.1173919717284664,-0.0109063662217759,2
княжево,0.0574810232396354,0.1257337774178889,0.0809974323634411,0.3315823036917489,0.0688885855183802,10.704638626949311,0.1552223099184424,0.5396276534841649,0.2297209051418187,0.1257936709503733,0.1275827236830023,0.0816237131620428,0.1896246655077083,0.0831946398487202,0.0755817750706025,0.0929956275622268,-0.0287452946783226,1
княжпогостский,0.0361399041587664,0.1605723153253083,0.0244356896579987,0.4738676910131085,0.0402680713181174,10.325574854455784,0.1064826432455039,0.5735321678134453,0.0729366602687141,0.0134151329243354,-0.0125946271856368,0.073645814967918,0.196785005328872,0.105336008169176,0.0708411159860486,0.1165695398334229,-0.0495437437077315,0
ковдорский,0.0357032068102084,0.1784080606433501,0.0480670189227681,0.4091575160631867,0.0360836845325522,10.79187422898641,0.0438965724594107,0.4125381640545491,0.0565852923447859,0.1278007945918623,0.0796923076923076,0.0612732845356998,0.162005724068861,0.1316842310054699,0.0776865082716219,0.1949211494717486,0.0065335985596441,0
койский,0.0366083176496061,0.1384120850751986,0.0137206242401025,0.5197381789110774,0.0506787028863609,10.127354175704198,0.0527828336047515,0.6924079504724665,0.0,0.0335307287733662,0.0098904746100231,0.1063234538876523,0.2657357096476602,0.2219780582198138,0.0854691835850643,0.1795443549781159,0.0108109161042156,0
коломна,0.0527486041493958,0.1371163583991684,0.0740848508805159,0.3363409773424761,0.0708091083941358,10.726296931282535,0.1468358963136848,0.4567548387723953,0.2215014181401243,0.1231495033259288,0.1555150736886113,0.0681868942301234,0.1767382764016429,0.0873327126562654,0.0753538471133176,0.085425412519035,0.1536999248049768,1
коломяги,0.058735370781261,0.1278616028976855,0.0850456533179052,0.2973174251959538,0.0770120849733342,10.899682520958674,0.1444161295158146,0.4663313922710428,0.198547110484658,0.1220240169093907,0.1549289274506183,0.0678514887060152,0.1721672109881072,0.0878962628887187,0.0772388754875504,0.0886916755235368,0.0612944552793763,1
колпино,0.0518893650175301,0.1425688971462247,0.0662850978394414,0.3578096750671741,0.0711256280403144,10.638610062270152,0.1426686023492147,0.4712612872634313,0.2186432585301356,0.1207426272284135,0.1396242117729906,0.0759901818527216,0.1746887216342482,0.0814957235190717,0.0711640293026251,0.0842618271836423,-0.1550440198025073,1
кольский,0.0391958028641072,0.1713584514015844,0.0464203420170627,0.4069188947288238,0.0431187157221206,10.463360450273136,-0.0147199617041646,0.3910800208699684,0.1015647065469129,0.0107732242214245,-0.0682578056684326,0.0794836667102367,0.1838287003757737,0.1266692123222889,0.0713490324288606,0.0954320484395417,0.0743308449854334,0
комендантский аэродром,0.0607664909062492,0.1237441081872547,0.0841626428224765,0.3050696323837883,0.0672337065157485,10.832771834755611,0.1540336186964944,0.506006727534839,0.222418695787235,0.1218789136471713,0.1299839628380246,0.0746991229545294,0.1848846490043286,0.0861992516014894,0.0761411662877804,0.0921083956440996,0.0988214918907697,1
кондопожский,0.04023492286115,0.152617680575035,0.0389940173562412,0.449906315743338,0.0396815830995792,10.322932266794544,0.0722733245729303,0.4941536151040547,0.0718319403659363,0.0644126453318816,-0.0955859399388149,0.0651139177946773,0.1768627139190602,0.1099532598274071,0.0643285761516853,0.1513601421541127,0.0204479967926033,0
коношский,0.0312782498644006,0.1613589207152758,0.0229155725449343,0.4748014796830562,0.0472000528048259,10.276386423935174,0.1024681367590531,0.400991702588892,0.1933941114930502,0.0753860953668556,0.0565298387614825,0.0865346388375843,0.1917172359594633,0.1976842963958224,0.0905166062540608,0.1347591241699549,0.0224595729053694,0
константиновское,0.0542613077493455,0.1378682868513838,0.0674587261474206,0.3476574913366523,0.0742702359154396,10.693224397041654,0.1430962343096234,0.4800389879381067,0.159847794978535,0.1379799268152238,0.1275630348630175,0.0772509502205089,0.1827249870632353,0.0746985681916996,0.076039750067413,0.0802364936878934,-0.0588651302614784,1
корткеросский,0.0294797039694998,0.1616319055094565,0.0129737609329446,0.515373402108096,0.0377887418703745,10.012162569161784,-0.1002737850787132,0.5692771084337349,-0.0839271575613618,0.0568986662578568,-0.0953020134228188,0.0838619157185894,0.2486673216199302,0.2899810479096364,0.0891055504042601,0.0909368471282471,-0.0032020520474798,0
коряжма,0.043467336683417,0.1543127726544812,0.0468468717212435,0.4216687834778286,0.0366558065050527,10.315023087154907,-0.0358870720803477,0.4832930810265667,0.0361526717557253,-0.0667774736018772,-0.1818069764575373,0.1662137993154663,0.1890780708664501,0.0853361715348623,0.1482741823918207,0.0757004747278878,0.0708476903308358,0
костомукшский,0.0401429274579277,0.1703068581884583,0.052944027593566,0.4068266271900326,0.0502444119647265,10.700074655595031,0.0857723577235772,0.4484709040360464,0.1981124054077034,0.115246555941805,0.0049599819637019,0.0670187132549651,0.1467235543852753,0.1413492472946355,0.07364396018249,0.1565390255851082,-0.0392207131532812,0
котлас,0.0435184227597942,0.1456074950875774,0.0482545622067824,0.4098417682840837,0.053552457151453,10.47602896728277,0.1265591724977184,0.5461738132082065,0.1874602348313956,0.104363797580594,0.1004105288577638,0.0832959946105637,0.191898253462116,0.1228206662829376,0.0738790937590904,0.0951655878157604,0.0079645431824977,1
котласский,0.0330418344032205,0.1670860080513546,0.0194925742574257,0.4457213578500708,0.0409673865738222,10.106850076320882,-0.1613014585311124,0.52293293665551,-0.241365621278285,-0.0171687334123044,-0.1295333044357751,0.141616400365842,0.1719957393071662,0.1781780033799456,0.0596807291695638,0.058147008279272,0.4731538217887895,0
красненькая речка,0.0556024429025997,0.1255542607671098,0.0775494148520647,0.3331788205441682,0.0709306040588232,10.717189848911408,0.1544921200966294,0.5556369127977485,0.2189259796806966,0.1261251139158334,0.1586822734403281,0.0800681276468356,0.1818942858397922,0.076488239312361,0.0750914363090582,0.1005901592616774,-0.0500467014247256,1
красноборский,0.0405574088023243,0.155801858029341,0.0169841099035116,0.519781914702823,0.0469672513361311,10.053350481655924,-0.0519034043266812,0.6803744825718595,0.0113199487398546,0.0539828930524845,-0.037205882352941,0.1269288632801472,0.2269389568196766,0.1781503563483802,0.0729839917814308,0.1088686320361802,0.1385635530897008,0
красное село,0.0523871609324322,0.1568787090333882,0.0599024904967139,0.3543800517343141,0.0754778212376381,10.689925830470091,0.1603194619588063,0.5208544146597243,0.2324391862871423,0.1215950794956963,0.1391785059578368,0.0767714769236204,0.1944528141206964,0.0905970145866216,0.0788299781256482,0.0758039776059455,-0.0859371576802252,1
краснознаменский,0.040403238346683,0.1566932338140564,0.0251908169645958,0.4727463416409431,0.0538489278849176,10.134152745249184,0.1353663071773892,1.012450072235914,0.4165581395348837,0.1107319424147258,0.0770248808893594,0.0886986478604904,0.351429579749348,0.1943551693401424,0.0964461472489777,0.0916384013785203,-0.466627548803878,0
красноский,0.0438891320943122,0.2013777084742819,0.0206294477950513,0.5176030477458474,0.0545367057282716,10.044744753266716,0.2010891089108911,0.4624924459391997,0.375633293124246,0.1086606118843185,0.0759457530335475,0.1313276906391022,0.1841247840949873,0.0824167698624657,0.0713083282725055,0.1176437428168019,-0.0097415532452994,0
крестецкий,0.0429193031866764,0.1948446190286488,0.0184270745513669,0.4800056822217487,0.048780638447024,10.203064227884974,0.0998733776511555,0.4520724494257899,0.287378640776699,0.0509398242055443,0.1131782945736433,0.0642226999793894,0.1794261511672926,0.146050480715111,0.0710512265455707,0.1172787768873567,0.0035587226169939,0
кронверкское,0.0596584063537758,0.1115820448702707,0.1036685491605375,0.2805564819971563,0.0676804154146406,10.863257545269075,0.158075707824794,0.4699587958291289,0.2226906572310472,0.1140251938966897,0.1458057544238822,0.0732469902356611,0.1767368139118239,0.0770484377693476,0.0732087864370923,0.0851501876871942,0.0883129260164918,1
кронштадт,0.0464680742390267,0.1590435524531266,0.0690152862126139,0.3514900236229156,0.0712711682412052,10.670665172482304,0.1427347987439337,0.4521542510908159,0.19998654421906,0.1327430869470338,0.1280967692543256,0.0747324023468734,0.1859124290569256,0.0891984607017894,0.0795237536589766,0.0883045317942111,-0.0270693219682178,1
купчино,0.0586220411741869,0.1280809589354078,0.0779032854274287,0.3290126999871829,0.0725814391089761,10.7113742530648,0.1324864535113215,0.5348930392004095,0.2269681987068839,0.1226801379240403,0.1470424189050344,0.0830408434646033,0.1952969170571262,0.0862529623930824,0.0791567183251146,0.1023035947667512,0.0295403794193518,1
ланское,0.0611168384879725,0.1229006560449859,0.0902014995313964,0.2851983755076538,0.0713589503280224,10.884648000696686,0.168144499178982,0.4870442819073539,0.2366848699004176,0.1179114164309418,0.1631234564758,0.07923538873381,0.1869714882062977,0.0853677196843968,0.0768012448450627,0.0869866217505424,0.1293034263899448,1
лахденпохский,0.0357864077669902,0.225252427184466,0.0237669902912621,0.4169199029126213,0.0489344660194174,10.443901104333095,0.0052498806845299,0.4017037216046401,0.2967818831942789,0.1099903069466881,0.0029849261230784,0.0710266728801907,0.1906799576884595,0.2486119635428565,0.079659075468626,0.1382177725386817,0.0761932414350597,0
лахта-ольгино,0.0543453522214712,0.1507217540036139,0.0790515469605638,0.3096817799357215,0.0828361863249513,10.785856042865396,0.1292275723703067,0.4628656536582099,0.1910737017119995,0.1245460692729596,0.138216967945225,0.0652008223349576,0.1666165609888011,0.0867386293300238,0.077402631969836,0.0878139914548178,0.0502899258521434,1
ленский,0.0369115034634708,0.1409824121733348,0.035775849299241,0.4146750657527302,0.0497306798892654,10.544675646942927,0.1074167956019358,0.7231542949104808,0.2006112604485031,0.1153142411936916,0.1724396616395478,0.0696336896887101,0.1956411954362896,0.1509882959710874,0.0906466463845107,0.0986975374937693,0.0319876754933972,0
лиговка-ямская,0.0581819290037068,0.1200129603282427,0.0879778519539138,0.2866333782988286,0.0685614196050628,10.85812201055875,0.1508296583013419,0.5161911323660534,0.218406379812071,0.0974911715031476,0.1642742352845042,0.0652632194072957,0.1615740691296047,0.0903939773152053,0.0720718723573484,0.0827725519441972,0.539931755657808,1
литейный,0.0627824661354706,0.1132361393337332,0.0942475055040656,0.276965210536399,0.0663173168425978,10.879326248407269,0.169142589776582,0.4769170899557594,0.2085581957309707,0.1053024083625265,0.1479870606464239,0.0794679405470306,0.1671486190453944,0.085296617835169,0.0720209168406651,0.0906345238431775,0.2025359326548315,1
ловозерский,0.0323408839283042,0.2260350898191647,0.0202320037503615,0.4396221710204774,0.0343078288797789,10.640047369005233,0.1383232692037636,0.4021879021879023,0.0589955100762241,0.0898319082542492,-0.0123470969964967,0.0620659203782428,0.1549768534585469,0.234906804888883,0.0635657528827461,0.1764856853750139,-0.0008003201707691,0
лодейнопольский,0.0413461406768595,0.1769805652822987,0.039654676521747,0.4226788592090065,0.0504973954647759,10.505282128416896,0.1957354106152628,0.5126129114072223,0.3225732775028551,0.1101398706211742,0.2181047299157534,0.0773014443860167,0.2230588624218882,0.1450175184862863,0.0851652671137393,0.1396634540227187,-0.0062234995780829,0
локнянский,0.0477261664183617,0.1977269039576357,0.0122947796970188,0.4791940170814095,0.0491164279497883,10.025646186469835,0.0905873430521615,0.4718089486686797,0.1751850546351779,0.0663996783009035,0.1247255531160277,0.0937628879037104,0.1991998287746947,0.1974243346038876,0.072465707111009,0.1511111008534068,-0.0030745604542455,0
ломоносов,0.0515021376685469,0.1555911139147509,0.0632992216694008,0.3550529945630328,0.0788042903382766,10.67662166998368,0.1584115585932431,0.4586481077475072,0.2098588442876047,0.116619892095904,0.146538698304326,0.0832028992128482,0.1888303592698456,0.0811006480522748,0.0781757969055426,0.0776924689658875,-0.175004975843906,1
ломоносовский,0.0588704637729767,0.1347055536797048,0.0760591893166246,0.3037960785611314,0.0735264147779272,10.922478514644617,0.1424151769427216,0.4174019006623041,0.2141047956305143,0.1318414999397626,0.1727599856063332,0.0753724507109854,0.1801449564925608,0.081509402149355,0.081814695598572,0.0854009589924072,0.0287474120071689,1
лоухский,0.0364868651805246,0.1927374301675977,0.0183914592034134,0.4570406429100902,0.0445142015150693,10.51528909364212,0.0760463876299654,0.4313959148050554,0.2193587054240335,0.1012878808506005,0.0216286307053941,0.065596630532326,0.2030183889447234,0.1906429371981938,0.0761549903126814,0.1333279822787524,0.4479439111810033,0
лужский,0.0457914896460449,0.1596558956219594,0.0528054939441164,0.3948556783473333,0.0638675314541664,10.562606018163072,0.1932820311183508,0.5204869236769718,0.3130728412928124,0.1356295759018517,0.1695283205052298,0.0775449046756358,0.2111396276487992,0.1125410650581727,0.0863347406394215,0.0927886082677131,0.1541271096529557,1
любытинский,0.0406156700372277,0.1889735965893035,0.0136071555823125,0.5215717954073547,0.0529081839515425,10.208444550532093,0.1515283462509798,0.5409257125682514,0.1753780843725127,0.0871277113370379,0.0834696188199774,0.0971900446802922,0.161149386868527,0.1757101097554751,0.0802227860026342,0.0825691024946359,-0.0080972102326193,0
малая охта,0.0605050968171178,0.121018811857296,0.0825056966454428,0.31643701974952,0.0681598025392732,10.786183582203211,0.1751531585819021,0.4596578033720714,0.1989830423565363,0.125852426041309,0.1552101895942274,0.0670886822407533,0.1648669905755304,0.0792801353443917,0.0723801984890153,0.0898759504845829,0.1195592350576393,1
маловишерский,0.0451870859939129,0.1896819239720713,0.0192695589902727,0.4434146923673689,0.0405621531300352,10.237432789457548,0.1195387003770237,0.4723798494499132,0.1153713298791018,0.119957193135829,0.0745395620899532,0.0692660594545702,0.1774257135590298,0.2201793778900415,0.0728408352641315,0.1369497518517731,0.0041091927501332,0
мамоновский,0.0382219164468906,0.1862018881626724,0.0236517218973359,0.4560600848526545,0.0527538890799984,9.98982578634905,-0.1082575352238273,1.0850881698339323,-0.1358748778103617,0.0331186035638215,-0.1622458270106221,0.1386820824764324,0.3454191635533568,0.1853592520094499,0.0613662168240098,0.163225425455298,-0.0093425041723167,0
марёвский,0.02781637001614,0.2494485782869041,0.0089126225953706,0.5076300287975075,0.053621782749207,10.010280791355791,-0.1605831167363543,0.5927883120920111,-0.1313868613138686,0.0263950935110168,-0.0829971181556196,0.1422488981090962,0.2672282416092933,0.2195771144110446,0.0928186911919623,0.177735902851266,-0.0327004613109346,0
медвежьегорский,0.0372972888032182,0.1807062939993295,0.0200039808917197,0.4474469912839423,0.0432267222594703,10.367839826245037,0.1306867804684399,0.4708277376308328,0.0629000834956859,0.0744085426440439,-0.0019954045229169,0.0872947765348128,0.2123130834798575,0.1973868212506598,0.0695697683179542,0.1315005343538972,-0.0238106486937185,0
междуреченский,0.0458878619249397,0.1393883967008763,0.0332251568746538,0.4645843050660684,0.0432330058916948,10.294497294563538,0.1397969898494923,0.5336051721732119,0.2181865151123739,0.0851422383574538,0.0381700054141851,0.0803558486458099,0.1982825704646435,0.1303659500905183,0.0678309408437148,0.0904675564289134,0.0749193312246011,0
мезенский,0.0481961482654003,0.1311733280569845,0.0159114892494393,0.5447665215670756,0.0355065294815987,10.137412772215017,0.031768443346276,1.968654377192328,-0.0262361251261353,0.0346738987467039,0.0643534994068801,0.184823932232864,0.3029033052182189,0.3192013309037556,0.0634032731833033,0.2024492726182676,0.0130436631920293,2
мончегорск,0.0412270350316997,0.162293488824101,0.0479005661221404,0.3884743239699507,0.0473336726981041,10.67403549235683,0.1159768255128138,0.2702878099578926,-0.0417004204760252,0.0173968811861187,0.1200438016151845,0.0747276487573358,0.1563902295099444,0.1324576535668973,0.0668632145318451,0.15246715352638,-0.0140254753545044,0
морские ворота,0.0514856592954155,0.1389366747026201,0.0742482415151244,0.3338968421679216,0.0743791977935851,10.645418944866838,0.1747023405314863,0.6063407584134339,0.2088906118756865,0.1191442100502779,0.1249287279056508,0.0682952985327035,0.1975538141004081,0.0756427549345213,0.0705004159949187,0.0658165291349792,0.1115197143176762,1
морской,0.0587066508089331,0.1198249985841309,0.08840529094536,0.2979287408833764,0.0739665729046711,10.877518751046855,0.109865270796776,0.463483523873571,0.1631926476371842,0.1175307738608065,0.1448851876202304,0.0742004513804722,0.1849363368329122,0.0683090900019283,0.0735215651533615,0.0848943850034735,0.2093955899130966,1
московская застава,0.0639801709779528,0.1195566887427673,0.0868751134722101,0.2826567100558085,0.0675118208441543,10.873993389482052,0.1524854965305425,0.4795154830516752,0.2037976898844942,0.1080928862316956,0.1463996568548603,0.0761088790427942,0.1635592598998448,0.0777771418189,0.0731659844359261,0.0824990370090478,0.1041111543731618,1
мурманск,0.0464170282201658,0.1383641981935262,0.0600506367580583,0.3637786978789045,0.0647228933969073,10.828904843713582,0.157012885430818,0.4640872391737443,0.1512158054711246,0.1188012698412697,0.1203899594030532,0.057412941340822,0.1812013858966748,0.1206429763807355,0.0757137803613618,0.1146952457650904,-0.0625413859276793,1
нарвский,0.0546559443866634,0.1246724584409118,0.0824664576296276,0.3297889315464576,0.0687611383354833,10.677013922614782,0.1470184781731622,0.4826245999085506,0.221377523419037,0.1214005085864826,0.1387137854186565,0.0711792977863606,0.1802471473316737,0.0768823672942479,0.0749244599258747,0.0986329374735413,-0.0472528848505457,1
народный,0.0515074603763662,0.1361553652982938,0.0753608972219165,0.3337243325196323,0.080457562291019,10.707439775383572,0.1555034932853615,0.5255119097367321,0.2203599685933442,0.1241817747791891,0.1528430953398889,0.0774846885962853,0.1797344416846617,0.0823866251205783,0.0736514387679784,0.0894297506803573,0.0271412188134385,1
нарьян-мар,0.0369581803934507,0.1155486589406249,0.0579470312478519,0.3689270837629397,0.04490074373462,10.789215978827643,0.0203045685279188,0.8346793997271489,0.1648416180178936,0.015913801425286,0.0178411437030111,0.0686734576474477,0.2350083565715593,0.1464292241508628,0.0751140311688812,0.1018522711003981,0.0464039349819248,0
невельский,0.039975185706734,0.1464960732545897,0.0162283147978523,0.4509109495981511,0.0498062475517,10.26163536959785,-0.0632976182351735,0.4763574992662167,-0.1001291989664083,0.005164745982795,-0.0718588873812755,0.0964885035313846,0.1880702086295693,0.2416967999363208,0.0823227851235545,0.0513374643769455,0.0734326956867682,0
невская застава,0.0574066566593986,0.1335586794788916,0.0791377679409498,0.3199714391108871,0.0708470750654672,10.72841928838827,0.1573947940061117,0.4688799180574802,0.2265715660468144,0.1190968895701602,0.1196859938237756,0.0795676697912531,0.1734006814322538,0.0807556101804737,0.0748201851468051,0.0804093594094275,0.0715859027210119,1
невский,0.0584033012533181,0.1263974689461035,0.0818720589928107,0.3201420404005874,0.0716480802570121,10.77437986177696,0.1509985219812326,0.4635284139100933,0.1949698342794593,0.1154283214127285,0.1398762451788341,0.0738232728923937,0.1741743903858403,0.0778123539347173,0.0748638955652795,0.0919822920372796,0.0921137199714894,1
неманский,0.0403325827349485,0.1263131444917997,0.0345726260312674,0.4494699100248374,0.0564334013059767,10.16081028365043,0.080055210489993,0.964921072412929,0.2354092321860252,0.1363462368568939,0.1568381430363863,0.0781040715723736,0.2995042716615809,0.1477119325981379,0.0812279672433488,0.0905776226669035,0.0131624878561926,0
нестеровский,0.0380871773169699,0.1477390766045403,0.0257831653976769,0.4723054808462418,0.0634611416360348,10.078613141456357,0.0202360876897133,0.8959605026929981,0.1527756059421424,0.0978213153402162,0.1210997837503861,0.0874576469811624,0.2577316606182654,0.1096535883919118,0.087289409116367,0.0477924994831387,0.1966508182297401,0
никольский,0.0465457980216723,0.1707834971944331,0.0174687302045421,0.4608963570735144,0.0611115067599731,10.0093591875502,0.0393806235614144,0.4826800735425717,0.2683358280038101,0.0828974020255393,0.0593203820414529,0.0904954275175319,0.1651715217811037,0.1923204627941847,0.0788209142344837,0.076020768931724,0.0067630137883762,0
новодвинск,0.0367956026983442,0.160932495968383,0.0302939105548867,0.458755422808731,0.0282269970699797,10.287127322380192,-0.019370460048426,0.4261668134356521,0.0460784313725489,0.0139051862077621,-0.0937927262783702,0.0722805636469146,0.1647411432176473,0.1253826218813707,0.0709190960629922,0.1863832625205256,-0.0085158665489931,0
новоизмайловское,0.0596617895200754,0.1262380888000042,0.0819206113143011,0.3189418587705235,0.0690766197212774,10.767675890860442,0.1552767577859377,0.4876676047012083,0.202009532397269,0.1211193541617804,0.1489778037383176,0.0813201808023378,0.18416979887527,0.0779689443065934,0.0761113666837049,0.09454147737743,0.0432402787178411,1
новоржевский,0.0431728017052401,0.1788755538287702,0.0209946996403454,0.5131011916006943,0.0503231187644138,10.059632670719736,0.0715739184287358,0.50442186047906,0.1386042915136284,0.0827140622179432,0.0899405543117423,0.110135115672934,0.2010964116839022,0.1946636323043668,0.081979654225832,0.0647608138272036,0.0007307271059531,0
новосокольнический,0.0447737831819054,0.183499228038221,0.0118818080269795,0.4639668163157857,0.0315259229745786,10.06160891020652,0.1327513275132751,0.4702428457416487,0.1442274751627268,0.0903208547208614,-0.0455573505654281,0.0916203021831893,0.1716398896514893,0.3124004377236153,0.0858987783232428,0.1796288194263129,0.0168935343354958,0
новский,0.0477518859864802,0.1483725789236337,0.0477586843757152,0.3988569641566258,0.0647229316467285,10.512557683118589,0.1890976807177924,0.5748785298503873,0.2460828948146395,0.1171493675063948,0.1456018611367374,0.0715386029941614,0.214882729325012,0.113190832911173,0.0752030193339941,0.0836964148416332,0.0801334147351433,1
нюксенский,0.0341839403759791,0.1556026605249033,0.0147905074428116,0.4609311837161745,0.0625997866688407,10.107754048080649,0.0355011319201481,0.4091985848331025,0.2745901639344261,0.0115100190839695,0.031340944705619,0.1331760274965648,0.1967964349414738,0.3088678840967505,0.0764675589807699,0.086633173402328,0.0143788851868174,0
няндомский,0.0339459977249595,0.1591439752249187,0.0287700086538618,0.4763842096955908,0.0434434750425889,10.329512082109533,0.0513274336283185,0.5268929503916449,0.3467515923566879,0.0718199908158579,0.0984655611367233,0.0739349530313578,0.2027200083801822,0.1957445621027965,0.075896473481559,0.1352356284489806,0.0163224516066967,0
обуховский,0.0537757040383783,0.1352567529839402,0.0787785780368127,0.3273402102489521,0.0742878414355759,10.729176834449984,0.1329821998385298,0.4990696921894593,0.2200305205448481,0.1267665791490271,0.138514458303037,0.080198536370785,0.1873150093079358,0.0790787748851873,0.0756445910873284,0.0841234356291132,0.041234935459687,1
озеро долгое,0.0611989530970877,0.1253109550911885,0.0859856258568401,0.3040239292094221,0.0689327406422666,10.822752191295674,0.1108161911081618,0.4463902102194259,0.1692502372666877,0.1136446641182341,0.1124758635485947,0.0674320190518992,0.1698104418427753,0.0713864561325712,0.076485725536696,0.0809018849223266,0.0819278050073828,1
озерский,0.0383422967415374,0.1528700481563499,0.0272522760026714,0.4610917782698865,0.0528243523498189,10.07358891261279,-0.0196818549474251,0.8369588173178457,0.0338711828243767,0.0951136638755083,0.0757337151037937,0.0937086682672519,0.2297256918985843,0.1540074399045312,0.0736798664414635,0.1003606696222097,0.2885825677850311,0
оккервиль,0.055944016468401,0.1280478396513636,0.0774063773657332,0.3360385517140158,0.0724763944136895,10.698465275723631,0.1338621715418939,0.5107115107115107,0.2045620918860356,0.1121040209735776,0.1331195575429513,0.0714115908567203,0.1835440502116334,0.0797516065060936,0.0721707065356923,0.0911463097410329,0.028977229666969,1
окуловский,0.0434662614919845,0.1843614047374574,0.0150516063553864,0.4715200579273178,0.0506359541092191,10.242890015656856,0.0912680673521084,0.4479664374781494,0.2734120010042681,0.0985432496525785,0.0719311471290363,0.0755609142059388,0.1992216899202334,0.2428958067901625,0.075334849385065,0.0985145052749948,0.004942036289307,0
оленегорск,0.0351476545494445,0.1864933206012546,0.0446710121804871,0.4227979336073498,0.0354857268257385,10.649031480954852,0.0528871779686112,0.4082046994894454,0.1181215360253365,0.0628870488364927,-0.0260459059091649,0.0558338805762898,0.1618364461616447,0.1317072464826682,0.0638871291455124,0.1851765163824841,0.0123883208569522,0
олонецкий,0.035906739576058,0.1727310926755589,0.0213731268702905,0.4679545054483303,0.0421358363286373,10.287133000504369,0.076798637718178,0.5271216647004193,0.0869188564828185,0.0834785009498892,-0.0196842591980975,0.0752067559504049,0.2166072390490673,0.1538364999460374,0.0720154698987994,0.122209773450025,0.1498390008346502,0
онежский,0.0384551778882727,0.1512739380174856,0.0260768662558019,0.4978005137647046,0.0367352788772146,10.316766497397106,0.0547323858482009,0.5495200451722193,0.3138452992639909,0.1117964628463436,-0.0052246603970741,0.0696119573756614,0.1900327915016419,0.1712241351321366,0.0876378232891851,0.0932588944045178,-0.0005275652984404,0
опочецкий,0.0473380584599153,0.1706929434202161,0.0191597570707822,0.4956614951779361,0.0546523109385778,10.112315793654082,0.2368793072981092,0.4324063564131669,0.3149222557437922,0.1016918578869439,0.0572381762281676,0.1075284189901597,0.1767720617679398,0.1729705293117065,0.079372075667007,0.1081838819925385,-0.0052647094401079,0
остров декабристов,0.0605315617749306,0.1149680242924265,0.0887638101910687,0.2897088647563453,0.0711053022650834,10.878972864596578,0.1304309560829641,0.4692443587890467,0.2042068921424461,0.1047798192067381,0.137400743793346,0.0652462421592706,0.1730735547099078,0.0767414921211401,0.0744556582906925,0.0875162632163324,0.1352454929939706,1
островский,0.0496750224017076,0.1763385566138749,0.0221659001468993,0.4789982899593188,0.0489379057853174,10.079757851231433,0.1376510120809665,0.5514199655765921,0.1214209968186638,0.0812429521098326,0.0501911687532799,0.0663539043337678,0.2175923595773148,0.1677514452037609,0.0727475782464583,0.1165110785513556,0.0063291350516475,0
павловск,0.0503355419711965,0.1628945441945549,0.0697580802685015,0.3137313184396067,0.0754786844648568,10.800868958002033,0.128995390300583,0.4212211025489034,0.1883336709007262,0.1120282237915484,0.099379035649786,0.0781572092315927,0.1777865046770498,0.0662885009155787,0.0781053874070607,0.0660619610382931,-0.0878742642638101,1
парфинский,0.0380062024010862,0.1700833122072005,0.0163464176445461,0.4634506325685095,0.0412914607592211,10.085687574167206,0.1388137356919874,0.5857022599235899,0.1653874721465709,0.0644142419601837,0.0971671126695579,0.113419284493891,0.2286867109603664,0.1664708583984254,0.0771317872935777,0.1477314765092656,0.0315220865373518,0
пестовский,0.0451724788151331,0.2208483089247858,0.0295245333043821,0.4114349711725816,0.0451324804150691,10.280856066632834,0.097148011935327,0.3497468133403179,0.2700012289541599,0.1008523487367656,-0.0321651758362945,0.0797470272646057,0.2042931393940718,0.1813398343469436,0.0733012043302716,0.0987409765477424,0.0171227602325343,0
петергоф,0.055175706257552,0.1474004429896062,0.0703195113421252,0.3356432693891221,0.0776619622922214,10.715215598549754,0.1380916030534351,0.4348397788064916,0.1925937549034992,0.1175680504725641,0.1432540655389393,0.0664848736989278,0.1830230388185981,0.0761799238086142,0.0772357084674562,0.0750495250598902,-0.1470881436452624,1
петровский,0.0589261344513146,0.1543327578214657,0.0574248881916297,0.3590709340564438,0.0620658486615423,10.326049424509351,0.1330419144383622,0.5268610949762933,0.1799817633443219,0.1212918410376344,0.1102386244290843,0.0593327243617623,0.1920680741123009,0.0733737198075409,0.0761381287718504,0.0708826820825278,0.1040722387974595,1
петрозаводский,0.0498352960314186,0.1347842000383438,0.0594619089393296,0.3677981955184253,0.0624751878942098,10.669716732691326,0.1320107332952095,0.5092703025046081,0.1522008330518968,0.1140152270567671,0.1038836612489307,0.0772340167977357,0.2164258318812921,0.0856524587175892,0.0756987750602632,0.1005704185572896,0.0328231984320988,1
печенгский,0.0358795264278991,0.1836462409801687,0.045912385858886,0.3807087069235977,0.0525668334406631,10.829104658266528,0.087700855984382,0.3335811410345571,0.0512684789595069,0.0748313590571958,0.079994572039217,0.0445227699918271,0.170068832701028,0.1182491541130841,0.0672270957328525,0.1393108384160328,-0.0020942416031147,0
печора,0.0426283431018687,0.1437994635583959,0.044756448889036,0.4158327538439462,0.0366082762122366,10.538734132138686,0.0848924096859374,0.7067732215380585,0.1344001790510296,0.0736898505454917,0.0393607019743028,0.0694396072656251,0.1982132905087906,0.1370726356569488,0.0791624757290781,0.1180905712419624,-0.0049030630874451,0
печорский,0.0496306453753262,0.1816966154118363,0.0196909738644599,0.4535320918299641,0.0430193507116584,10.106098410120502,0.099751187514137,0.4773550975238622,0.0976858877086495,0.0370263751653309,0.0003164807342352,0.0975734429896266,0.2056125659245327,0.210203649430785,0.073714245830681,0.0853844890686193,0.0087426630401565,0
пионерский,0.0485739313931001,0.1575406298714565,0.0461726619107724,0.4225310723711276,0.04248119985111,10.301488763828196,0.017708455494312,0.6712487381984443,0.1387355052457206,0.0395436267489259,-0.0169678129654814,0.1127632109778234,0.2734844968858372,0.1911037989060236,0.0692788634902902,0.2596387164331525,-0.3092647306896724,0
пискаревка,0.0582580733442802,0.1294602132040555,0.0864121510673234,0.3050798863606745,0.0759197357103761,10.842654614411254,0.156181300918143,0.4763240511972655,0.2470261883492406,0.1253860853053227,0.1586078309509011,0.0732592354667286,0.1893363351857472,0.0999218972482876,0.077580961908571,0.1023049701270176,0.0868005485140306,1
питкярантский,0.035641852411266,0.1800363405151506,0.0277379160247598,0.4506726513748325,0.0415327353651518,10.40908704383052,0.03284538635205,0.414437182853871,0.2454299255247122,0.097790021426385,-0.061502640695099,0.090853612549636,0.1973255789432344,0.1783778847761407,0.0673823049874742,0.1848844130565259,0.0006879945231818,0
плесецкий,0.0346498151317768,0.1545652735224517,0.0294058928908918,0.4753495726336468,0.0476158787030209,10.351599655504566,0.0555465455724942,0.4728591720779219,0.3308035176484761,0.0833621500288167,0.0362646275055034,0.0846526326009237,0.1854353435399826,0.1840662795978026,0.0742586666807838,0.116169899384857,-0.0587531752182672,0
плюсский,0.0358827907175489,0.1846199315602622,0.0113449013819699,0.549052633078257,0.0425131128685935,10.060644423525128,0.455372616984402,0.4220631394168791,0.6619718309859155,0.0235523721646541,0.0028559428811423,0.2057583480757971,0.1924439979241733,0.3282837546110889,0.0780918334106305,0.1536329976741761,0.0100000833345832,0
поддорский,0.0347917541636814,0.2122551112962028,0.0093067412994144,0.4737226612268522,0.053744048732455,10.069549157674896,0.0252730109204368,0.4883807261118123,-0.2109515260323159,0.0408989391401451,0.0191406772855038,0.1906107978180762,0.2825518704212971,0.3317492753917447,0.0789427143614554,0.1497317958059927,-0.0024400174773657,0
подпорожский,0.0419399197461787,0.1724202391225855,0.0280862766989918,0.4402692881890651,0.0508052269974469,10.39033549558704,0.1721176554784225,0.5291258828605819,0.2684167919509655,0.113983594448548,0.1191967055903423,0.0935550192867685,0.2165636929159639,0.1924482467618819,0.0801603430700198,0.1498679043531433,-0.0197483104660965,0
полесский,0.0520790714701005,0.1599266421183344,0.0388358922457417,0.4447016516290187,0.0567411012295699,10.052790788181117,-0.2338437170010559,1.0017519428597097,0.0808030363563723,0.0158557081369132,-0.0123071156369089,0.240978972123898,0.3191303862648843,0.1197415534703053,0.0780778391088418,0.0751132394120894,0.0207157424716795,0
полюстрово,0.0562035206541527,0.1364067066661089,0.0752599387823025,0.3305992095896813,0.0783772035915837,10.73249959896966,0.1218688738836854,0.4598076997936861,0.2165157572906867,0.1213534437555905,0.146540027137042,0.0643969857083534,0.1796404995951333,0.0863723015841931,0.0777085885984494,0.0828534661223682,0.0098574992889683,1
полярные зори,0.0373698654527338,0.1808487143622658,0.0498692876476399,0.3814164185671461,0.0517233999934943,10.792953358387951,0.1848233186777398,0.3183446279032035,0.1549960348929421,0.0564230471954441,-0.0026409613099169,0.0756597551461941,0.1348356380902179,0.1309353788029409,0.0745854386920066,0.1225588563680146,0.2832399310325596,0
пороховые,0.057542324519688,0.1275803690317671,0.0737340688605668,0.3362887578466806,0.0735780863610424,10.68760216346626,0.136961587611817,0.4919473239311295,0.207275671971844,0.1175823550607824,0.1402965714454173,0.0776360803532169,0.1821179226649181,0.0762296850893651,0.0762327244844051,0.0870016985063573,0.0441992253597123,1
порховский,0.0414032327999112,0.1604366868002406,0.0198949289610874,0.4812898932147503,0.0471307136158756,10.11834688426264,0.087682119205298,0.4345565473507047,0.2701716738197425,0.0648471778091767,0.0673669787622744,0.111788423760892,0.1700338182711263,0.1624873195948027,0.0703020958696248,0.1157209094225973,-0.0131321650834582,0
посадский,0.0581500023689571,0.1204492691408151,0.1018536731040087,0.2652672111918152,0.0696114479497034,10.96894657271324,0.1907449873581466,0.5707839502705537,0.2817677561566118,0.1338160841950231,0.20387843273576,0.0892233294082012,0.194352988858224,0.1061088585408598,0.0813747983880002,0.1205211309875209,0.1292261958290024,1
поселок левашово,0.049646015709188,0.1724326409321038,0.0615100677525759,0.3138724134411977,0.0732374730382109,10.782673331457042,0.2035895500482241,0.4891401768642445,0.1633788072103902,0.0951711318055898,0.1031760506500612,0.0907534512912733,0.1775020817709946,0.0911828279268678,0.0774441508841177,0.077614744514387,0.0824756431203674,1
поселок лисий нос,0.0566071857343023,0.1598204326272822,0.0664061906368441,0.2829918574645986,0.0726247899019187,10.912111309611822,0.1957177709296353,0.4539346347398109,0.2125256673511293,0.1298143429195486,0.1486635900394192,0.0877371314080522,0.1514625000782574,0.0774181563027019,0.0772838441259197,0.0681988779663927,0.0412630088603687,1
поселок металлострой,0.0502228604088029,0.1570241925223112,0.0644507859186958,0.3556900594361742,0.0707498490365604,10.627739669552948,0.1740711014588547,0.4880289372452202,0.2360756061662405,0.1393960174414844,0.1718347549757485,0.0847842054712747,0.1939819164970115,0.0844224462817675,0.0832429244171111,0.0996362711128037,-0.0742448553241501,1
поселок парголово,0.056504992073866,0.1395573184637205,0.0803789943543677,0.3192858831381928,0.074941944544873,10.777781989558092,0.1209655172413793,0.4769867549668874,0.2154816664476279,0.118438597879893,0.1303219379194631,0.0548573444767909,0.177153636055093,0.0846379339929673,0.0770120046772071,0.0803061219103365,0.0538591696727293,1
поселок песочный,0.0612099559244701,0.1523732125728558,0.0666261178607267,0.3206814243875511,0.0781297118819927,10.797803599904816,0.0731204635741808,0.4157828082950767,0.2240132711508968,0.0977214274466807,0.1481722583875813,0.047941378612162,0.2006669114963953,0.0800539324386559,0.0800472358127454,0.0828082724263879,0.0125605952632663,1
поселок петро-славянка,0.0466651588650933,0.1678378125438692,0.0693796696354759,0.3178042769571524,0.0794637425714776,10.66292952358936,0.2030158331239004,0.3217153648912158,0.2350838221512618,-0.007441237364511,0.1086749544354071,0.1104269952608692,0.1483521793416943,0.1074681441296835,0.0553024245686475,0.0473460143836078,0.0598568881418906,1
поселок понтонный,0.0495033922823689,0.1740293674422816,0.0548974122932777,0.3753565292003613,0.0697406687981166,10.562429255929374,0.1504008016032064,0.5578778755596727,0.2554355864517083,0.1201049929554358,0.1571397911003005,0.0931175260653099,0.2099625773597052,0.0828674026339268,0.0675905554257469,0.0859856930952808,-0.1981053331201168,1
поселок стрельна,0.0547687462666391,0.1447694586877932,0.0712128878813508,0.3239817400978026,0.0753577176218285,10.728103322520914,0.1067552602436323,0.4235342721655411,0.2421616110119805,0.1166115780526961,0.1249488696790379,0.0774238842870308,0.1687027059826114,0.0810594479508021,0.0767995832686289,0.0767432652723665,-0.1363774045438148,1
поселок шушары,0.0514569434930084,0.1447268080926328,0.0740612172923987,0.3367800450165165,0.0784317708035208,10.717359733224294,0.150334351523157,0.489708258101302,0.2454587796925943,0.1142790814175834,0.1449634761044771,0.0722947432422888,0.1901370500563122,0.0920022781366153,0.0776423287442166,0.0892500937546763,-0.0553601799981491,1
правдинский,0.0504485615789367,0.181142269620789,0.0216720762857085,0.4722778864181601,0.0463600991875491,9.936386240400848,-0.0768776744872361,0.8570601851851852,0.0688009544641082,0.0309100510473507,-0.12595971113645,0.0878193497759278,0.2865500721084489,0.1476626913490382,0.0786504764874839,0.0845620276710225,0.0280130362276739,0
правобережный,0.0613285674506632,0.1519136194859813,0.0700005657821605,0.300733187117473,0.077380140158663,10.5336849492468,0.1460734720955303,0.4523009046654435,0.218292047187844,0.1334654607945209,0.1584812901725654,0.0629337353550172,0.168535059712224,0.0986196538693119,0.0782526707523434,0.0829668522156821,0.0790477042387174,1
прилузский,0.0382033259283657,0.1438817914882583,0.0185042432566907,0.5137949641548176,0.0482876304337162,10.076761357141327,0.0195436693472976,0.6302604414800698,-0.0345521023765996,0.0740529137734024,-0.0180276471426534,0.1062292180536107,0.2186006949428381,0.2000018430146312,0.0758561602081905,0.1493097895080017,0.055300889345766,0
приморский,0.0338009543435857,0.1498627993343839,0.0495134610934176,0.382068038305985,0.0602250311318779,10.540344324783248,0.1059349534866951,0.4528846153846154,0.4074932648330305,0.0803854112133224,0.1312826032955205,0.0836117541987785,0.2098297079370724,0.1572841575872112,0.0613339694342254,0.0688758916888905,0.0311860850738279,1
приозерский,0.0425019047368835,0.2036930002014204,0.0371971030484547,0.3873665589505118,0.0559095009151494,10.54702423254274,0.1774731606720445,0.4182189567391239,0.4223524487233152,0.1486480345376051,0.1872152487215249,0.1248354837045453,0.1837371682543867,0.1923184325079232,0.0852587088151359,0.1388817197711123,0.1247375469834775,0
прионежский,0.0389315242025255,0.1637644959481838,0.045940924079214,0.3937847602894665,0.0661842224321839,10.586649630805052,0.1233151183970856,0.6357483658070076,0.154399323181049,0.1401641391832035,0.1806306306306306,0.096177652999815,0.186283479986361,0.1888180684466901,0.0965182032557207,0.1819661422292863,0.0422337772109222,0
прометей,0.0572559263184564,0.1288285105608547,0.081867588756499,0.3297149158022074,0.0730642001477342,10.75163862026698,0.1252542254015007,0.5080515466070721,0.2182778854578763,0.1266896320458495,0.146994566130749,0.0809415664902559,0.1904354651512957,0.0799661464319015,0.0730739115092078,0.094709342766288,0.0199773582357041,1
пряжинский,0.032562941295758,0.1897180008726057,0.0200637862484714,0.4962576276185853,0.0301018244833498,10.208131210540278,-0.0578718108276291,0.5359319419914926,-0.0636650415830226,0.0576590617387432,-0.2419529557412566,0.1099436919598723,0.2448295755447874,0.2034619891399638,0.0935077957918947,0.2310623618928275,-0.0462467729253576,0
псков,0.0496290233856144,0.139468423382931,0.0568897893103278,0.3855808836354366,0.0651366956023953,10.525876912144586,0.2082312591866732,0.5230397304095138,0.2428431851489987,0.1334972357894599,0.1659061799551712,0.0944845124970179,0.2138570836000341,0.1187991992189842,0.0860474951863048,0.1086872818015791,-0.0099312044820458,1
псковский,0.047940225608092,0.1440836140320823,0.0610910698954824,0.3597877379631529,0.0708675533493618,10.641514483777074,0.250558586645882,0.4706910924506436,0.2787274849899933,0.1365887424094642,0.1686430378083632,0.1113278489615263,0.2282016115938197,0.135268920477596,0.0881749553854232,0.110834571459321,0.0701196737969738,1
пудожский,0.0377941857674641,0.1622856218014187,0.0172507129662185,0.4641479844403146,0.0498741496029154,10.304425763020566,0.0562270919441629,0.6783642607716949,0.1772995619881927,0.0921405121470782,0.0697911055246304,0.0736219653323381,0.2169317644615036,0.2319276659029558,0.0779303622526798,0.1516630823231425,-0.0118111609283446,0
пулковский меридиан,0.0613395431732394,0.1282780304495128,0.0805323200309371,0.3050953754066801,0.0736151860850266,10.811018361407124,0.1431346744375508,0.4600045927740353,0.221924587989183,0.1087911617874404,0.1380188703766277,0.0614035443151409,0.1677802745410036,0.0728768407865952,0.0715739344534782,0.0675990916833475,0.0895088139564448,1
пустошкинский,0.0473907130917641,0.1922047199478709,0.0090092642434201,0.4639664844037737,0.0542963991274046,10.066130640992528,0.0426178418387223,0.4895707541991435,0.1089799476896251,0.0256946238579514,0.0241816967267869,0.0922596749036806,0.1705890719416989,0.2546587401387151,0.0822693133427989,0.0720823148233755,0.0284237534378883,0
пушкин,0.056822715181251,0.1449445214175634,0.0768390367931508,0.3043599892072099,0.0769681529927645,10.826619827590635,0.1544696307257684,0.4365966103919541,0.2172921091967587,0.1180390869179223,0.1377082874550392,0.0758557615799347,0.1772801674621304,0.0891035367700491,0.0780702451568402,0.084213729137246,-0.0829051583227689,1
пушкиногорский,0.0422433482343295,0.1989933693820316,0.0215771630845712,0.4558240771468171,0.0511741854881215,10.15091387637018,0.0275403608736942,0.4051092375198145,0.1633046833888791,0.0641192152573655,0.0960975609756098,0.1172247374784934,0.203496088412682,0.232183587196948,0.0790196928987748,0.1155317355382022,-0.0161619679569981,0
пыталовский,0.0363740459308293,0.1966271770393281,0.0347547114840624,0.4586442986215331,0.0430817492877299,10.110484784107634,0.1143746756616502,0.4903325202208243,0.1213247349437097,0.0587628059748181,0.0198893255273077,0.1005806761897486,0.1931733752698531,0.1681505245118977,0.0794241236321159,0.0972195464642489,-0.0035932485661254,0
ржевка,0.05643405173291,0.1359390350171228,0.0733441010014671,0.3333573848257284,0.0754217799214441,10.715378418292008,0.146427631826211,0.5318989241931449,0.2001029273756547,0.1230351154934493,0.1381746098221514,0.0743497790816855,0.1933590097670891,0.0769330164304122,0.0771974492011852,0.0845545154270096,0.0355994331972404,1
рыбацкое,0.0550469358218464,0.1400746112005185,0.0775352525033052,0.3292007468485422,0.0744712584839858,10.72013104648472,0.12862428269405,0.4501782412261469,0.2080213443497719,0.1086492788133596,0.1148354374552071,0.0790137693782326,0.1724482001927422,0.0762159857511177,0.0702714915893917,0.0790821159763613,0.0034305350967893,1
сампсониевское,0.0611162874672358,0.1260208078769453,0.0897005200357222,0.2908718094212547,0.0675014749928265,10.853138912035147,0.1691439496731218,0.4973376747749475,0.2273368917905509,0.1213025105642554,0.1607484407484407,0.0647616901871691,0.1871998689988209,0.0898123124618056,0.0770615073656167,0.0918535263214058,0.1345353291966513,1
светлановское,0.0633202953181386,0.1247928815905432,0.0866452572051981,0.2892500224657456,0.0698503387203826,10.875387999635375,0.1644101701794567,0.4971817665973142,0.2601228963176962,0.1276921374834046,0.1645988855009987,0.0754263446761308,0.1781644004999411,0.0841318005788237,0.0786132440576112,0.0957451768995845,0.0915299696798908,1
светловский,0.0475848152800959,0.1368681782108451,0.0397803504001879,0.448609040082849,0.0342428459071934,10.061221091963883,-0.0368796369660736,0.6103085876983628,-0.0860179885527391,-0.0107125199142998,-0.0779992334227672,0.0757069870493991,0.242774862576284,0.1060508703184911,0.0554532317873069,0.0879962039523983,0.0709059813178842,0
светлогорский,0.0541682209940939,0.1246250746616238,0.0701118468859903,0.3573731183653578,0.0693851763523726,10.562239525109405,0.1622021744159147,0.6658308113561031,0.2543399429056401,0.1189691723942368,0.2075655796149659,0.0927681593278971,0.2338775006275208,0.140032819913134,0.0813268368962775,0.0980506559960434,-0.0491441011113282,1
себежский,0.034380285914844,0.2273898133173358,0.0153347578567828,0.4511430718374188,0.0647529400123073,10.201723115487878,0.0880798590722254,0.4025711451895933,0.1629924953095685,0.1021447295857854,0.0505719446116797,0.088476054702473,0.1861710557044468,0.1871487354734007,0.0782512684387346,0.0740505225089888,0.028389003262686,0
северный,0.0514734944070123,0.1576958247288868,0.0579429077922958,0.3698662734541815,0.0717067090126266,10.48103914697653,0.0630811215494964,0.4722810541714883,0.1962604413113804,0.0864557768568499,0.11095611214276,0.0862602049833787,0.160394427820757,0.0918145402632368,0.072468622945788,0.0868613883606956,0.0433722227221777,1
северодвинск,0.0427349942196313,0.1326211464997076,0.0701099121497484,0.377438208710098,0.0576504267633908,10.692938737075332,0.1161848282678527,0.40125147438076,0.1082730154932106,0.0648584590911275,0.1000036102386368,0.0829430181625917,0.1704744647510425,0.053658296293822,0.0709813722756233,0.1157783715113311,-1.183699882972602,0
сегежский,0.0346041942732038,0.1727857156574676,0.0258853296460601,0.4357415836069981,0.0394965527836991,10.454927149187371,0.158482681025476,0.4830527682195619,0.0292068340173713,0.0839753006795896,0.0144900727586631,0.0780546182679981,0.1762321667749759,0.1398451818610505,0.0664970226742356,0.1762487814614152,-0.0028571448007798,0
семеновский,0.0531668693936867,0.1467994186973536,0.0668463875867284,0.3593643938462099,0.0640731275084621,10.507407266028077,0.1142618450889127,0.5359517624347576,0.2084208359069383,0.0996291959406713,0.1131160839714292,0.0802836644213901,0.1959511204866084,0.0950765118044746,0.0758595233407206,0.0929906002121131,0.2850714835869861,1
сенной,0.0583232099218849,0.1176528752842795,0.0934449733730736,0.2903076575367621,0.0636556580452869,10.7620714849403,0.1312761148023838,0.4968437605301584,0.2085407627312173,0.1091891600159213,0.1156119449172211,0.0687468893120719,0.1732356952694571,0.0766666292428785,0.0656651383636271,0.0751150040681724,0.210274372281138,1
сергиевское,0.058909394988557,0.1282073381843788,0.0773538818144475,0.3308032832580247,0.0702020127926764,10.724228742627831,0.1552486783903333,0.4920821239542428,0.2327069756567987,0.1189467481313773,0.1508537758537758,0.0793846636966216,0.1871522058390511,0.0794189216932858,0.0737277773286033,0.0920833374348744,0.0464410485246531,1
сестрорецк,0.0569933192221193,0.1483182299245932,0.0735034396084138,0.3029798915200423,0.0787885302288662,10.827634013875866,0.1591887528588727,0.3949701381112355,0.2194847595270104,0.1198117532011122,0.1206369366826606,0.0760355991120423,0.1683014801385245,0.0901413479683218,0.0788228193251147,0.0765390959233586,0.0091743762760412,1
славский,0.052301382041542,0.147451439963361,0.0255260109377946,0.4710559282308252,0.0596561060373393,10.11645954852884,0.310632911392405,1.0711413840404902,0.1033478893740901,0.0722630199150659,0.0883455182158873,0.0538199332530015,0.2786568975793305,0.1671107715954362,0.0895386125077795,0.0905858847911488,0.1092358738957171,0
сланцевский,0.0343117975578495,0.1760194520662036,0.037083393099236,0.4357188797016486,0.0433484020525539,10.49186200761871,0.1348228632642131,0.4561618404179985,0.1640522875816993,0.1312150879932729,0.1141701849319141,0.0978191167496534,0.1848706389590979,0.123316888288067,0.0851804868216189,0.144035722086545,-0.0150077854336895,0
смольнинское,0.0644698632228454,0.1141069079480033,0.0918515114268838,0.2768052533284394,0.0670592063563053,10.89741656530359,0.1411880323214675,0.4967431322571509,0.2039904584782082,0.1085185619792856,0.1354746050398224,0.0657749492508294,0.1802779674221755,0.0797924984137419,0.0728250014967599,0.0870846870637104,0.1469551946949445,1
советский,0.0448504263233837,0.1590746515947897,0.0309457904394613,0.4420893851273599,0.0530932124718085,10.137138563778135,0.089380551231572,0.6176383205067998,0.2024829707756536,0.1085447644795676,0.1184137383363113,0.0622262361654988,0.1997915126868496,0.11406254861543,0.0784234451175025,0.0805891764973784,-0.0340636459338471,0
сокольский,0.0402840846647479,0.1651118674951142,0.0220087569942071,0.4614591911009316,0.0454573689835483,10.17202662384056,0.1007050221951431,0.5026817035340504,0.0688428217821782,0.0865902825960582,0.0386869017723915,0.1014465305100335,0.1943972356624553,0.1315049289188151,0.077455878305984,0.1520950439509976,0.0015894043081068,0
солецкий,0.0454267794018979,0.1915675560199078,0.0158855201097532,0.4927114870435709,0.0466084297735837,10.125273516078266,0.0704790372060094,0.4763460499575541,0.2487536079769089,0.0468507315550953,0.1677678347411557,0.0634786801083764,0.1792817890543629,0.1847287236404527,0.0855470739881664,0.1064855759359284,-0.0482021018178776,0
сортавальский,0.0407242132168912,0.1806805474199904,0.0358080834975238,0.3863315405506151,0.0507034453378774,10.574489238428225,0.1435492553382379,0.5107663811067376,0.3063175071878156,0.1201049868766403,0.0762275070078668,0.0959073650055044,0.2237297772916341,0.2167247873066153,0.0834025777746733,0.1513248673928401,-0.0085948101064818,0
сосновая поляна,0.0548546949916754,0.1330664465833494,0.076595068132936,0.3342408197389011,0.0782689160896625,10.75042820627549,0.1712182470058736,0.5124977156896589,0.2533103387799247,0.1256474891558726,0.1878863463832556,0.0742504209276607,0.1898886742583184,0.0970140294292618,0.0752367514534307,0.1059748111462446,-0.0137588161714279,1
сосновоборский,0.05903523374244,0.1699828608577451,0.050040877839286,0.3871439195445322,0.0632535312543094,10.429448063886388,0.1436374478234943,0.4404390513652534,0.2423427278840864,0.104651121939566,0.1244801470910125,0.0761095581832612,0.1728087139379082,0.1198166345705268,0.0746100938931496,0.0998426452986641,0.4654529498664512,1
сосновское,0.0607889405233232,0.1278003845637884,0.0809475816854075,0.318484515975908,0.0696738087293916,10.788373612933189,0.1388754631867246,0.4530308955807585,0.1810494090487064,0.1204024709733239,0.138045340899514,0.0769593158606038,0.1758803746634627,0.0767552837776948,0.0749889779216499,0.0923809992250628,0.0580798080383173,1
сосногорск,0.0383187367029516,0.1557407101398384,0.0352901080288352,0.4399980377171421,0.0361344060479623,10.38208952650626,0.0683896047800735,0.7416625761556894,0.0272057718322561,0.0647152541313924,0.1101856258924321,0.0780896424989907,0.1830540875492769,0.1333709504297961,0.065064731191073,0.1541871828543802,-0.4721200321521132,0
старорусский,0.0540918200371398,0.160731030171542,0.034072453375989,0.4274424362769433,0.0464830511071478,10.210806797420718,0.1492935738003775,0.4459146543169037,0.2112200435729848,0.0917707648476879,0.0663620386643232,0.096267703946353,0.2093159327048359,0.1232537056081214,0.0856723666833922,0.1245216717291764,0.057340546615245,0
струго-красненский,0.041658443418749,0.1781823969441349,0.0327295877765398,0.4785038994111093,0.0463504695209294,10.172757405626465,0.1000252164411195,0.4712716185669979,0.2194022770398483,0.0871156238248141,0.099358248395621,0.0877987130621587,0.210019503325671,0.2008413819253449,0.0728474951889394,0.1404970036091938,0.0740357465208133,0
суоярвский,0.0365518888467428,0.1857939618718478,0.0153889380593135,0.4736601059271434,0.0346777932313398,10.297546186795982,0.0280543701596332,0.4996711496155854,0.0103301973805571,0.0567364772107542,-0.039906651108518,0.0607683829801091,0.1942706624546224,0.2113651967988027,0.0723487378902262,0.109260811946373,0.0036945854833617,0
сыктывдинский,0.0377592273416836,0.1395836477288071,0.035156694704124,0.4547204329258767,0.0550476689726747,10.35700445704923,0.0635346756152125,0.6114065651934715,0.1841448189762795,0.0729872742379847,0.0552172147787251,0.0896719317613711,0.2119766789099137,0.1362966031235205,0.0649688463236145,0.090929300717656,-0.0493577207153741,0
сыктывкар,0.0475275379255123,0.1265121513125149,0.0505442662684758,0.3967776840009522,0.0608279772338721,10.55863427512851,0.141772809981804,0.5472976549679742,0.1621056821574286,0.1003504855184664,0.1081411393652671,0.0767314702037345,0.1808368893575282,0.107564661720556,0.0793011301378719,0.1013739215250745,0.0167177145754136,1
сысольский,0.037935269892277,0.1341049292455264,0.0161636040226662,0.5651722156661037,0.0465641159733427,10.095020030473613,0.0042808998998088,0.6214484795540579,-0.0624625823188983,0.0512812308007372,-0.068547832071576,0.094283957294173,0.2303598748316345,0.1585694038479686,0.0785489939631401,0.1058547455280029,0.030697565383276,0
сямженский,0.0373604008509602,0.1460421866877071,0.010364165280968,0.5425056134619851,0.0549769009265438,10.02583423298056,-0.048633931086283,0.5131604079917487,0.2023096663815226,0.0469766184234868,-0.0592429022082018,0.1413351509343964,0.2163774860501605,0.2197305333397434,0.0725210092774418,0.1991357309020151,0.0043988340724834,0
тарногский,0.0428205128205128,0.1433366633366633,0.0152147852147852,0.4996370296370296,0.0639760239760239,10.127670563425,0.1323529411764704,0.4503184069544122,0.3099197247706421,0.0820706615414571,0.073775989268947,0.1009347141323974,0.1804075722650084,0.3809844507173623,0.0814108414401955,0.1107715413464515,0.0027894020875786,0
терский,0.0486439459282501,0.2270514213790598,0.0196677544199006,0.3955241171783791,0.0551764447361064,10.235466076585574,0.1125128205128205,0.2562049772146455,0.2778749028749029,0.0301021182827932,0.0579552294419444,0.0677743416946375,0.1669024524438814,0.2340324776906433,0.0774326315929029,0.1006629408104043,0.0509891118756994,0
тихвинский,0.047814435867921,0.1612884770733738,0.0422146500648769,0.3944267599735457,0.0506887027124749,10.502765805854796,0.2106147517237384,0.6224304228724015,0.3453179696616101,0.1260526711223483,0.1662191333649238,0.084140076241089,0.1913099132394239,0.1123150234486121,0.0761156071551598,0.1249532542058857,-0.5201216888962631,1
тосненский,0.0491425970971535,0.1633273998421315,0.0583529326481627,0.3742690529503681,0.0639528327722022,10.630689884085887,0.1730917131320899,0.4271813910932029,0.2059508947149395,0.1314993273146767,0.1789161098737935,0.0819212711938481,0.1700858394410552,0.0856759673744367,0.0783039455149926,0.0943683869659352,0.0274435160423989,1
тотемский,0.0362902972264315,0.1619717424247187,0.0291881763363242,0.4618202053610166,0.0417041317429277,10.185170415663514,0.0968263017863929,0.4983422522103303,0.4802295918367347,0.0659946734011132,-0.0059202637889687,0.0888931019405917,0.1861826807074722,0.4309191024027978,0.0670216599619601,0.1446552975266508,0.0025000013020845,0
троицко-печорский,0.040113921064162,0.1771506252176746,0.0119369951353233,0.4763563235178465,0.0385185767731353,10.297914182417896,0.1389154704944179,0.5267234701781566,0.0169897104570471,0.0763880074128608,0.0425726014900409,0.0727188188598378,0.1577892503953423,0.311789832505775,0.0788264672511856,0.1572161405306811,0.0255623120378031,0
удорский,0.0376240969963246,0.159922831030938,0.0175545322687395,0.4855646149296607,0.043682142706265,10.295183296558294,0.1344259510869564,0.7435747842908468,0.0149812734082396,0.0673968090836485,0.0790315848058996,0.0857814348054478,0.1938208412093153,0.2114453587670074,0.0788550185852935,0.131162498817087,0.100499754663057,0
ульянка,0.0563197176394446,0.1291468414111254,0.0780856375783368,0.3373407159480658,0.0746934728579787,10.69861015076916,0.1584304013002594,0.5069702092160435,0.2169119802967219,0.1103040435940305,0.1334075596665524,0.0868927401269769,0.1826428936627052,0.0811746118107653,0.0754529635060573,0.0925258941362365,-0.071494670343237,1
урицк,0.0571542388112244,0.1363089778864771,0.0713839711699693,0.3399534939736713,0.0729718462521886,10.713912085360604,0.1696431956925644,0.491797627496705,0.2301085568326948,0.1208459583618414,0.1393525616917869,0.0871438727632745,0.1901597381841777,0.0813784683491168,0.0788175708289506,0.0884846470124882,-0.066709689768571,1
усвятский,0.0436440234065161,0.2188599051168081,0.0057955072658974,0.50428770259956,0.0530200990736167,10.011175357953045,0.1658471256096587,0.6555721595797673,0.0351510291365945,0.1222909443350885,-0.1156169649766593,0.1179999171395635,0.1622769785060334,0.6101208815494993,0.0809384730671501,0.0942293631485663,-0.0494018620097817,0
усинск,0.0441565491454289,0.1467030451814672,0.0468039165643774,0.3896126781959821,0.039811787773092,10.624796929469538,0.1090761090761091,0.5350232075111798,0.1387807402296583,0.0822530551617041,0.0467593332268201,0.0582200996364946,0.161703455374156,0.1866586227505559,0.0712443738482976,0.142388206844487,0.0126879832334583,0
усть-вымский,0.0337787760320899,0.1661753973058448,0.0218751591203543,0.4726426142696305,0.0317986116218678,10.290783032612069,0.0656849620705042,0.5725452403897633,0.0675041413583655,0.0715742486627929,-0.0480182926829268,0.0709942463569171,0.1495778619274003,0.1480808437995265,0.0649228570652211,0.1022733889948402,-0.0299380876443058,0
усть-кубинский,0.0372152608475015,0.1764131827263275,0.01377252096397,0.5090403239257185,0.0519956138016203,10.06406397158151,0.0072032270457164,0.4982068050993039,0.1530005941770648,0.0389824861294201,0.0034929114444216,0.1043220307831346,0.2073378587390172,0.3244240532269524,0.0657170409953754,0.111725340879279,0.0764355550494171,0
усть-куломский,0.0384988393629275,0.156467181805132,0.0151740605491931,0.4609077127221929,0.051383136275948,10.077549397186525,0.0682988438744778,0.7994040908358835,-0.0091449474165523,0.0404172923417372,-0.0234229438381686,0.097425501108689,0.2265537625755889,0.1274293758749488,0.0759076372427662,0.100399375255594,0.0005386480065598,0
усть-цилемский,0.038789844609359,0.1211133809101663,0.0187915642539262,0.488521372513557,0.0604158574948336,10.243794688427252,0.0471426284616615,0.5270654205607478,0.3479370480646533,0.0610956910375383,0.1055829851879983,0.193610782672206,0.2328086662893422,0.2375921778428457,0.0803062374087418,0.2061105950036788,0.0178789029402075,0
устьянский,0.0374449846763601,0.1757609973039611,0.0308690692905039,0.4709599741917644,0.0504009493743807,10.272715049171063,0.1140629017053731,0.4057640472734812,0.3436559679037113,0.0784858218947674,0.1000880171004652,0.1059960923696394,0.1822904189194679,0.1088752218325182,0.0808995047428991,0.1207189355791684,-0.1495604592851488,0
устюженский,0.0341692124221979,0.1783967457892931,0.0277490075637527,0.4843546305523336,0.04762387074641,10.146685333478924,0.151635282457879,0.4917898418076007,0.3231032871163733,0.0839402181860723,0.011870878167303,0.0937419198364234,0.2394216696151533,0.3705120462356268,0.0784491327486132,0.101001720171745,0.0012755103770117,0
ухта,0.0454816635987456,0.130149914119443,0.0513202675991448,0.3985516015821555,0.0476345161283473,10.577738569837203,0.1256962690488703,0.6295223158510329,0.1741960555717477,0.096483081290413,0.081983024691358,0.0663134857733553,0.1780589509597231,0.1380154356662866,0.0762966221545448,0.1087732227943892,-0.0080434075891975,1
финляндский,0.0572919603538251,0.1330373269936318,0.0829411946602445,0.3200852003499689,0.0736189958218359,10.732357732811048,0.1359685505103328,0.4333111233048524,0.1805613090306546,0.1196933061847799,0.1230645429824075,0.0785673278286625,0.1768381892249387,0.0781003679388138,0.073413489985905,0.0737606939472806,0.1014451090061647,1
харовский,0.0335022997285295,0.1303521180317894,0.008894708475103,0.5490647329768836,0.0384125755967555,10.134728233437793,0.1959395656279509,0.5595379381280163,-0.0541490857946554,0.0823642905563956,0.0538873264991381,0.1340161116949768,0.1892838109399778,0.1740618739572405,0.0815262124369603,0.1535916641397012,0.0231670592815343,0
хвойнинский,0.0447321902068234,0.1943786459254021,0.0155471097754993,0.5036591833127099,0.0425755700901537,10.250122261580444,0.0448695891542219,0.4254602022297122,0.128287363694676,0.0285425490951097,-0.0538204674916519,0.0829430823354741,0.1832864441606098,0.2159542762938978,0.0840151112908383,0.0525909243180608,0.0389837999162614,0
холмогорский,0.0345043600280645,0.1837547788484944,0.0141360844227437,0.5406327410186286,0.0342072480991995,10.055378538319651,-0.0620803736498977,0.3936308845088777,-0.1294091710758378,0.0431332191402364,-0.1708459869848155,0.0743779299475401,0.2073496705103792,0.1792706936455885,0.0664562247964434,0.1096605302605814,0.0083810014382305,0
холмский,0.0400422624699272,0.129808605267103,0.0221720910642004,0.4751144013649636,0.0471797654147361,10.281365898763443,-0.033364353910316,0.4166445922994219,-0.1447846679149687,0.0121360330684089,-0.0807577822905945,0.0884496307433661,0.1111123554940995,0.1387455133763506,0.0762551492098576,0.0645037933389659,-0.0015128595926303,0
чагодощенский,0.0367555609209665,0.1772139105143027,0.0193463619237993,0.3983789596031342,0.0474548767374807,10.298349422248933,0.1349804941482444,0.3748175897893843,0.0770553297905596,0.1291757515954991,0.0490938430983117,0.1122819980416804,0.2020299224999618,0.1730398044883693,0.0795600549571202,0.1348077055514012,0.0831475389936271,0
череповецкий,0.040220748667666,0.1280000853547289,0.0422559254853216,0.4482937056222092,0.0750801534251252,10.34955596458684,0.1691866325502054,0.7153887399463807,0.3019395134779751,0.0757797848030774,0.1249750209823746,0.0848948398663913,0.2098905798848145,0.1093367002661447,0.0646335204788156,0.0903784734368277,-0.0807013607518516,1
черняховский,0.0501175123538628,0.1256719296131131,0.0441997107388212,0.4251657225503193,0.0544473906231167,10.227658243983893,0.1519495809959137,0.8795006984813662,0.1754006410256411,0.1123777089295145,0.1276834747878182,0.0785966208306421,0.2792272744467631,0.1157634450793378,0.0732911314946756,0.082222192967013,-0.0355131555700228,0
чкаловское,0.0662572406845899,0.1105791410143467,0.1011275434820251,0.2394371003641354,0.0752095896176514,11.096400673404773,0.1971773088517402,0.5417107210826814,0.2439521144278606,0.1347449758902631,0.1871321695760599,0.0970709709481474,0.1873529409839518,0.0898704510621096,0.0809721481297197,0.0958410304256995,0.1911660674387387,1
чудовский,0.0444950319592971,0.2053531126182104,0.0258237808377961,0.4363015263559714,0.0385489866088594,10.305909144956637,0.0908532003552154,0.4962340378017338,0.2161133709486943,0.0861808243503836,0.1381210924646266,0.0725548292327871,0.1796190994894856,0.1688988899258843,0.0740562631666958,0.1343056114222627,0.0042004262178731,0
шекснинский,0.0358584313211231,0.1549970130116128,0.0316183648788448,0.4640264603459078,0.0433914703268202,10.261065838338713,0.1446511627906977,0.5193098720292503,0.1889108042954196,0.0730637302801382,-0.0203302848871636,0.0987227565875,0.2322518236739,0.0993791169263192,0.0680077846399164,0.1225958544476734,0.02015051388866,0
шенкурский,0.0429436806296863,0.1712538422954741,0.016031535760678,0.4897946059959101,0.0436735560042699,10.162718708813896,0.0209448096621311,0.4523491396940527,0.1905444126074498,0.0934906825164384,-0.023508267433501,0.0885242515123997,0.1696517722931955,0.2345130025809959,0.0826065508262367,0.1598294641046966,0.0233076829194746,0
шимский,0.0432980940419835,0.197979491284486,0.0200153194308348,0.4749610113584608,0.0436741791683343,10.092177675780958,0.024157349220599,0.7960997902776474,0.1733414239482201,0.0274443946857739,-0.027654017514211,0.1122004865921253,0.2973708146289275,0.2272120811098914,0.0712340064490319,0.1208853935150415,-0.0112203140674928,0
шувалово-озерки,0.0605048645353072,0.1272391587772613,0.0784646358875086,0.3157030885364371,0.0704406068570228,10.786984739358145,0.1233652032104371,0.4557725275374885,0.1987948636985581,0.110352597689731,0.1263494161709628,0.0738062175761471,0.1758853644071314,0.0763386224119573,0.0732976245395292,0.0762443319310567,0.0588707430254609,1
юго-запад,0.0569994830383086,0.1279391054780113,0.0756225823127796,0.3296432964329643,0.0728113802877159,10.752537448640584,0.1495182628702905,0.4886026590338704,0.1994458267360324,0.116922965414769,0.1333240843507213,0.0842928710249499,0.1804008327068667,0.0839985524358203,0.0788610028708424,0.1024489902253497,-0.023405151997957,1
южно-приморский,0.0587362391421398,0.1268869485115244,0.080813617816297,0.3059127089671815,0.0737799300685691,10.84709509306074,0.1491987942249723,0.4616189355302734,0.2053409448247501,0.1183396870757171,0.1323708774113255,0.0745224513903781,0.1791794960837293,0.0769105663701197,0.0795994997899294,0.0896057653864953,-0.0098699769387731,1
юнтолово,0.0582204314778869,0.1288764059630479,0.0849737597134809,0.3059738316046768,0.0761556509747792,10.839659340003433,0.158721383975026,0.4820375032881138,0.2094088647039673,0.1311125875815415,0.1708701768488745,0.0725869738519734,0.1734850863432904,0.0868192267518743,0.0801232321249476,0.0954499102866187,0.0605043210644098,1
янтарный,0.0392375789982441,0.1540014560760585,0.046808562706099,0.3693171737441343,0.0618648785889521,10.212558004118716,0.0593822266270235,0.6664981462756993,0.2038133653736126,0.069119749603926,-0.0068748772343351,0.2028531015264707,0.3426628039478726,0.2561456868182666,0.0885285635658803,0.1646540428778591,-0.0616166525846075,0
№ 15,0.0567524922112677,0.1298091531790108,0.0754234837141361,0.3350106717529864,0.0738785506917419,10.726042531212348,0.1335600160871631,0.4981831241813494,0.2382125792589475,0.1210430244523937,0.1579400372973748,0.0735710319172101,0.1894370514294199,0.0874559761471811,0.0793825752885717,0.0950790579832679,0.0641795559789768,1
№ 21,0.0591457115213973,0.1290688754826167,0.0803744686433528,0.3285638019718274,0.0696881189291421,10.730661055306074,0.1398223252220935,0.4714178887457935,0.2019618528610353,0.123421487088434,0.1103466295070545,0.0796931221176123,0.177526963673284,0.0748211980288177,0.072083973146179,0.081039604081386,0.0078456891119467,1
№ 54,0.0550232695440481,0.1311677047154993,0.0765999861512502,0.3307755664320883,0.0745336069068817,10.730579061284304,0.196070664659748,0.4919065680117722,0.2405052084870305,0.1359938420716673,0.1605992679397328,0.0828575184548249,0.178891368461795,0.0844766119611612,0.0731829609615438,0.0962233714930361,0.0421958457716415,1
№ 65,0.0598032444662506,0.123562850205162,0.0861930491795081,0.2987224640693019,0.0729254885293648,10.88430743050391,0.1504102918632961,0.464082055839443,0.2039898725336126,0.115352527639217,0.1424969400244798,0.0714710067494518,0.1765558779286422,0.084800835053696,0.0775272793826296,0.0937148500945481,0.1072455303535977,1
№ 7,0.0609493141757124,0.1136020560487742,0.0951793765172825,0.292945065365664,0.0683813809637896,10.814573094215488,0.1456148638009762,0.4316238413951819,0.1773849246647739,0.1101580307426618,0.1364016037420648,0.0679891043890481,0.1731995270640739,0.075416104052797,0.0736473700264565,0.0802431675392661,0.1519758692659061,1
№ 72,0.057492173303034,0.1269044340710391,0.0752706227401462,0.3293127059288862,0.0726268969711895,10.706979058914694,0.1283412669351884,0.5072460556638895,0.2370147789292941,0.1199469553244543,0.1536318643866876,0.0797888876303418,0.1919830394729215,0.0828180586018876,0.0756715606093885,0.0981580437233386,0.0541638947363847,1
№ 78,0.0587341621812435,0.1079536738131017,0.093701492685035,0.2748262603035517,0.0665481184316662,10.830116328871693,0.1446666238024818,0.4967523556856648,0.2755198275474919,0.1065387042141267,0.1912889413849105,0.0857404201703391,0.1912614741469659,0.1195505780924267,0.0734017650090582,0.1124907000777147,0.1846430900478752,1
