mo_norm,share_health,share_marketplace,share_food,share_grocery,share_transport,log_total,growth_health,growth_marketplace,growth_food,growth_grocery,growth_transport,cv_health,cv_marketplace,cv_food,cv_grocery,cv_transport,mob_logratio
автово,0.0572616081109357,0.1260771147590877,0.07997945635426376,0.32591923303722586,0.06738886458313519,10.687621185107183,0.14061079114883296,0.4979885187361569,0.18928551224755344,0.11221535585386758,0.10667874547044864,0.07518499281248724,0.1896191993758195,0.06994611299292337,0.07603469398335669,0.07647344671788636,0.07172682966823896
адмиралтейский,0.05862348848765943,0.11721219148583734,0.09560874606592679,0.2860858042073878,0.07040086135497764,10.825945892221524,0.1629916861095594,0.4729600333055786,0.21986220306027568,0.10731413330597805,0.1503857084855867,0.07401244790101881,0.17907249171826994,0.09227484749615014,0.07716772045543745,0.08789440135090867,0.1320521024139334
академическое,0.06118508436067544,0.12532274906876828,0.0846775799577807,0.3159711218593117,0.06805827579698023,10.781510317250365,0.12250603634515192,0.450920245398773,0.17146211159291833,0.11308289207193577,0.11682296106848541,0.06853379196254063,0.17921016866294623,0.06847762140132473,0.07386012171652659,0.08905824640555793,0.037397333638891084
александровский,0.050782610428435106,0.16212791415446778,0.038829125489853296,0.4022021150702948,0.0561031204329232,10.330990895313276,0.12498871309181007,0.6540590491151872,0.20195987719224426,0.12397169080609319,0.12448599827531413,0.06169157440013176,0.21029902373706608,0.10106609726152097,0.07642329066606672,0.08608172544511722,0.07133652619236663
апатиты,0.03956560343787048,0.15710168603141902,0.06609368825366696,0.3744570456337954,0.052290618443004463,10.827754721221053,0.14018201743936715,0.4549046029461304,0.1315141393268606,0.12481436780752866,0.16306866242506712,0.06414595400305687,0.17325738620311404,0.09476585117049949,0.07734373084956654,0.14999789007353367,-0.7792701266377111
аптекарский остров,0.06184167362724909,0.11363529856074452,0.10218962004868272,0.2548923935306555,0.0715823540276273,11.009745538229787,0.1613646364507028,0.49590840636510436,0.22236327963991875,0.1294485534376088,0.17716124937667158,0.055812467413285154,0.16765197510208635,0.0883174594435162,0.07342278697607121,0.09238040637367059,0.1368540227717896
архангельск,0.04693091660195185,0.12713859111178719,0.05971042455586957,0.3804650660091108,0.05859559512277134,10.636736468291845,0.14113295697878145,0.49703054298642535,0.1693254419315643,0.10236024124333097,0.09783627704653686,0.0781360108722216,0.19062982512287874,0.08863684918738751,0.0775802489866083,0.08654877327824467,-0.05536813658024897
бабаевский,0.031188641967745394,0.1611811373347832,0.022535340695020906,0.4746756926469912,0.05333803011042531,10.211208131325185,0.014648729446935725,0.5451929288776648,0.023653819396132033,0.036409601326903865,0.1086139937607435,0.08174516418884749,0.18548265945450781,0.14456098176074678,0.07300581800475431,0.11707864877321189,-0.0011402509787318271
бабушкинский,0.05116536830865027,0.13457942661986871,0.06033985591154645,0.3704634439753635,0.06648659364623086,10.518461457500562,0.09669475361549047,0.456480397893505,0.2908192771084336,0.10099288975776965,0.11401340001887313,0.07530406043529242,0.18956533746708018,0.10476913917548884,0.07353769480132134,0.09004628091861488,0.016399654533075125
багратионовский,0.04432899759893593,0.1515822839474184,0.02288784094246083,0.42883177005061235,0.04926067955295296,10.050069662863434,0.06164029372220501,0.8509280742459395,-0.08352066401521695,0.03146261153178996,-0.06698838540814647,0.08850316635440833,0.21985896498921403,0.18999353570536434,0.077231865566207,0.08644015246853351,0.04075361611412909
балканский,0.0601129570751739,0.1286114318323579,0.07348087142648596,0.3359629315754649,0.0717650917515551,10.690938725044953,0.1472663458407207,0.49072649760471143,0.21167974489636412,0.12416103124960352,0.1311558689935453,0.07411853476321982,0.18525574419696472,0.07895597842878468,0.07279177539775752,0.09257988009534064,0.004400947994053439
балтийский,0.04312240218608985,0.13369646016772585,0.05945002251002481,0.4148074084156083,0.04005213949933517,10.368436763034593,0.1143050388907678,0.6758751927556678,0.16441095047677637,0.0797342871742463,0.10133870735569324,0.14661712466756147,0.29934597322684936,0.10285886968541795,0.08271435978783111,0.1802329487648688,-0.018582961081140104
бежаницкий,0.04112237469265532,0.16683836760484058,0.02319336272853395,0.4960062361780745,0.046129174049807015,10.096913889062188,0.03268368402897543,0.5315071084071492,0.3271762625270192,0.07037838478753847,-0.016257781032588795,0.10028845126982637,0.19556462846647985,0.23545776370232968,0.07511039221505654,0.10515525422985429,0.057559746268982026
белозерский,0.04128815252307029,0.14683069681915695,0.07541023302976531,0.4437516316623849,0.04522873541908657,9.999982636125221,-0.011638438547233081,0.6884204572646785,0.35681949691956844,0.004014895347343966,-0.041533033996151346,0.08374917560412637,0.23904864891579525,0.06990934711991861,0.08497473226132671,0.10041896134211008,0.012547216052088639
беломорский,0.03794077149932843,0.1694747274529237,0.017829799444898587,0.43585588583526846,0.04017612774566614,10.450430521293624,0.06671186440677966,0.3946026391507095,0.11607547169811307,0.09690437611132346,-0.024360250629501565,0.06012027102477159,0.1940695765464679,0.16917107254268457,0.07102150226879345,0.11176700686401339,-0.0065324129953125976
бокситогорский,0.0407868796609193,0.188433279809217,0.030145517125629705,0.4323629686595841,0.04228238188162737,10.412333718467488,0.09716981132075458,0.45753647619601234,0.17980392156862748,0.10287671407941311,0.09341193237027907,0.07825439995562221,0.17271487439781877,0.12472580734599807,0.06803063352924654,0.15813997569221977,-0.005412733106750278
большая охта,0.05807696247481819,0.12356847748147642,0.08441287943456141,0.3079472120736163,0.073845050705091,10.795745121002163,0.14712527398415112,0.5064521500228946,0.2225601463788541,0.11497997230738789,0.14878359715287373,0.07366261227566633,0.1830087873106555,0.08411666365683251,0.07481331381288851,0.09370068227226551,0.15010086482455676
боровичский,0.0505558178806092,0.1613058985789096,0.03372255257394232,0.4215038961939747,0.05517896348702025,10.34941459034899,0.12182560824009946,0.45044137401650347,0.16905576620734306,0.09395424836601313,0.09840157187616169,0.08192170910125182,0.1931236894934481,0.1621189773940228,0.07377209228660704,0.09154053427552329,0.011178978206489387
валдайский,0.04652965413360234,0.18420003793178327,0.02520814378894536,0.4430212390499463,0.044987644683640686,10.319516114830064,0.11846712917079623,0.4581891768392193,0.07062806444081246,0.09397950179868328,0.03976875674988888,0.08867121429340685,0.19792824873888465,0.15300375315451625,0.07785611459458225,0.13651066945130183,0.04876042041190093
васильевский,0.06062012966408252,0.11263773886148123,0.0940899632251018,0.2961715360283778,0.06771290862389734,10.817759581533362,0.1605704054226883,0.4975797140065726,0.1962079069174912,0.12835309986765744,0.1409877585479105,0.07359284546586367,0.1900421758178531,0.08610930056317627,0.07345220495313907,0.10139092756176465,0.15819762990745545
введенский,0.0566195633606592,0.1179108009547078,0.10006879788622805,0.2767649635402546,0.07248068879378029,10.881364012843203,0.17926037144629037,0.546155110764046,0.21944884746863258,0.12280657138497528,0.1622063073250408,0.06735127272883168,0.17007883584774772,0.0868215001605143,0.07771446733229742,0.09023258899573719,0.15654788770826555
великие луки,0.05356211920948283,0.15681855282489296,0.03804087392904724,0.41111421214211613,0.059070252394668794,10.36253028839901,0.19118163719405076,0.5199305874547031,0.3115468409586057,0.12628124211057826,0.16806372676628314,0.08447567124412181,0.20159315574668954,0.13962178581119816,0.07836126281032717,0.11959499337239451,-0.005865119452398093
великий нов,0.05454179742668607,0.1388071225730544,0.0548575680042218,0.3847188668594453,0.06648917188084635,10.559220553844023,0.13080130935832468,0.4403474123614166,0.23509933774834435,0.13372382057132653,0.3149970057318847,0.07542356830358186,0.19062630476900455,0.10327680696362186,0.07892296255840364,0.11805619920235358,0.02468377870712901
великолукский,0.049719440301157755,0.16907450813267988,0.029362880886426593,0.39513223003527714,0.06063404124345952,10.314612802253633,0.2995195715523352,0.653633213622604,0.49408595084768053,0.09698692085588094,0.1384522125681956,0.17410524093385277,0.21966935195508386,0.10663290933639666,0.07669607253457562,0.08298906105246104,0.10347006188353247
великоустюгский,0.039735460049536736,0.13399860104577563,0.03218454728923952,0.4321277864416109,0.060857375470140355,10.277473460062115,0.2179070380458659,0.5204931364257367,0.27870159453302973,0.1098594452911595,0.16668498571114532,0.08120458416082718,0.19209015315939285,0.1790842408830196,0.07709650339692772,0.1082948671874481,0.012751058241016633
вельский,0.03929606669064596,0.17189450521549626,0.03940714723991283,0.4469061422254194,0.05269185197723378,10.358049656043086,0.12195121951219527,0.4699536356440122,0.509778093018543,0.07710989291177961,0.1319886363636363,0.07380340686040597,0.18103594500748083,0.1454634780293169,0.07921680453692306,0.11736518926448301,0.062003327305239386
верхнетоемский,0.04322639691046876,0.1614238467991874,0.013426564699193642,0.49127429296466035,0.037249790264093904,10.087439723600177,0.033828040792637314,0.8382219414946116,0.03362690152121697,0.03374524021417212,-0.11381443298969073,0.1339565213385801,0.24382159919622082,0.203359396996103,0.06802120307019657,0.11934640201274233,0.0029985029962565912
верховажский,0.03554075734455616,0.15373983394490318,0.015546834921890062,0.49829599108621997,0.049029058008188395,10.146613453557569,0.09625075589598861,0.6373538418708241,0.4506097560975611,0.09835498833222897,0.05765841967998878,0.08772067948094148,0.21799145182682586,0.27917881244801585,0.08799151311351211,0.10536643803641062,-0.0072535761488915496
вилегодский,0.04792483439232121,0.18711575477832068,0.023735491222310202,0.42268100967573724,0.05323586782286255,10.161631385034958,-0.00026858255556295513,0.5646229208160628,0.019775964596874505,0.002473433492121656,-0.06974520501715502,0.10016469011408623,0.15535137469511515,0.1834357427040852,0.07156922942478411,0.11853792013153129,0.13630737293961143
виноградовский,0.038070261302108825,0.16634500250867262,0.016110911032926712,0.5312075795772502,0.046467388795006045,10.206319902751705,0.0761332985295398,0.5653622222865917,0.31309583542398395,0.10993555524112111,-0.0092537901161646,0.0786560951931419,0.18960988351740213,0.26855426700793633,0.08047616439258103,0.10850386584351254,-0.0006420545966952518
владимирский,0.06000542340968744,0.11389160343619051,0.09337133131064028,0.29143152433627184,0.0644686508159844,10.79678085917758,0.15634140730272447,0.5098690904157905,0.2185176941909637,0.09555316202492692,0.15155669286541162,0.06300261510792449,0.18072129530771025,0.09822746316417313,0.07088843652547383,0.10295997745829737,0.2644314022188079
вожегодский,0.03223636224358953,0.15016436248338888,0.016899194340734915,0.521580277834212,0.04634122783937439,10.12750738646922,-0.06001748081965621,0.5255802936996683,0.07568369726521094,0.04688084924327499,0.024896876841485043,0.12655498626233938,0.19495967633907077,0.16228216369219237,0.07231300634460487,0.11859866380375099,-0.01911562630876007
волковское,0.0562326535537589,0.12245226315456798,0.07954512805484207,0.3243806995466221,0.07027262053206304,10.680694362127543,0.13967391304347834,0.4618920216779859,0.22043611143763966,0.10788161871491934,0.11819567205120401,0.0697882212720136,0.17338576494691238,0.0748511799406848,0.06936163314031302,0.07848812119624238,0.1085110848577231
вологодский,0.04351811097014732,0.14713253760712527,0.043986743650156646,0.41339616290811176,0.0638065401444735,10.379312745217486,0.12015994668443851,0.5036780270956814,0.21645424602606336,0.09328823215239457,0.07059385724835997,0.08414537018587626,0.20759532881847653,0.08575802180923289,0.0712225944545467,0.08020634517481037,0.05151477015531558
волосовский,0.035973518977571284,0.20133642080680036,0.03014244929665969,0.4098324155026793,0.05169044120193759,10.424822756686705,0.18653610771113832,0.5202682507658971,0.315482617145325,0.0946792482753152,0.10480118443316418,0.10627892782321004,0.2042671861833488,0.20920156965889358,0.07620752723577788,0.14696031724920303,0.12468960204306145
волотовский,0.0376453701157962,0.2145853938963297,0.007034181838956512,0.42321494245896424,0.041844455315092066,10.057898912669037,0.0610909822866345,0.41831870102898133,-0.1263858093126386,0.034791035524397246,0.042430172567158864,0.17243478354182284,0.27424344878865065,0.636899489379002,0.08254187881108363,0.1068643232470905,-0.03969739545356038
волховский,0.04168982014827264,0.18304577838616845,0.04028931687064319,0.408741399328662,0.04963202905818413,10.515763557337605,0.1396813634679511,0.4916520938794294,0.20741944218792305,0.12114922302907145,0.17059136920618,0.07264214390000892,0.1930505562998085,0.10164215106777647,0.07697709136055438,0.10990416341584709,-0.12252459282333672
воркута,0.03597397073064775,0.14684091916988715,0.049216678281489,0.36334724095175175,0.031046872595958043,10.73724233229544,0.11833886669292668,0.5941479327149818,0.18542093560622577,0.08915258651561025,0.15230097413503513,0.09352623697970361,0.16246507690806622,0.19189302926553914,0.07550787996782853,0.10392121802662449,0.3256000676643749
всеволожский,0.050570765254719874,0.1497674011126199,0.08075693197249113,0.3249148013491612,0.07833369836611329,10.769777137296897,0.1584186233192855,0.4300819809268865,0.1683439377424017,0.12482181743186606,0.1354447097069133,0.06503998549304725,0.17078696956714837,0.07781327419595283,0.0761246566616645,0.07338727083477024,0.09265636163950619
вуктыл,0.034806727523679075,0.1737855648011063,0.043813882049292596,0.4195465545588658,0.03210695633126694,10.360208037646322,0.13502581755593793,0.7245253371742829,0.3157394198763671,-0.01164453396995926,-0.048490536524323447,0.09693947290710589,0.209024641184112,0.12797467161487847,0.066774636695596,0.13575850524906366,-0.014734659756936663
выборгский,0.04629544057315295,0.1644198353350558,0.05527004166850834,0.3666386733582728,0.06772036694003673,10.632946572138442,0.19079117358276063,0.44009995072851393,0.21634168987929434,0.12266304113785832,0.12811673750794875,0.08550501715587079,0.1826772346788813,0.10702553274720161,0.07917687957445659,0.08855585170492528,0.14341443795673303
вытегорский,0.03614551311378479,0.14612847041071042,0.01926601331845776,0.4990194425939155,0.05974845291317853,10.346513342862176,0.15401042111557176,0.6116734043494938,0.431610337972167,0.0980954343410556,0.13689354986509183,0.07695196778822261,0.21302409343863943,0.31374927406404085,0.0788060896138844,0.13487354540272345,0.1348539055915543
гавань,0.060506382260047696,0.11452554087819014,0.09183604213065047,0.29346400380078697,0.07183613683464524,10.874211228269584,0.179471400879973,0.4909688687968767,0.19555747339004637,0.12184805498066148,0.14587844302331426,0.08325708351976578,0.17911955005810773,0.07545517654964823,0.0771768148969358,0.09197474534981324,0.14553808589027706
гагаринское,0.06144137266540776,0.1244516114929115,0.08197619964452486,0.3074052836990938,0.07224519377094554,10.810920839473019,0.17108426011986783,0.49807707877904617,0.22437652259085314,0.12528699548809233,0.15218965378529872,0.08379746934213353,0.1850773642081386,0.08774329745852943,0.07744142530021685,0.09475477358071463,0.04778289509189415
гатчинский,0.054664404462951774,0.15972178073047458,0.056786213802091604,0.36032216535808514,0.06856742108776502,10.64414630243362,0.13872449613044735,0.4346770883523386,0.21150341202899162,0.12273121208369453,0.16562531662670146,0.07277801938777917,0.17988475799096879,0.09715692439371255,0.07924690389354082,0.08233908936676303,0.03258466305410179
гвардейский,0.04084506547642041,0.13580957932848478,0.03119479981317535,0.4782640759378983,0.03988284830330209,10.074533977704657,0.05067750677506775,0.8233380480905234,0.04236094813424084,0.06648394675019577,-0.094121400654064,0.09215444961397268,0.2987410511228971,0.12379083980974799,0.07402895347656155,0.07750781127953985,0.022089885272283727
гдовский,0.03686175942549372,0.2061903052064632,0.0322657091561939,0.46156552962298025,0.045655296229802515,10.05230977560449,0.006766696087084437,0.6256369607066017,0.12409306980235188,0.02431988780340084,-0.015028274847006036,0.09804835904656387,0.244100336065848,0.1900274428026894,0.07012498073179405,0.09387871622149781,0.02027857697348695
георгиевский,0.05827731401125896,0.14921343361710335,0.06487680340891351,0.3412827965580259,0.07506589157965304,10.499517922316345,0.13102080826983906,0.4799499032221336,0.22077978183389146,0.12274639536552386,0.14239793155255848,0.06714072650087376,0.18413271704625014,0.08885005997936486,0.07763473300429591,0.08462438056311238,0.012934148998362316
горелово,0.0542344236430348,0.14765298363891094,0.06678645529374296,0.3384114628879246,0.08048727951559247,10.720309636818302,0.15525490196078423,0.4660817109953386,0.21441483663631494,0.11366376463888228,0.14751043334470726,0.0718370729272475,0.1863998086556196,0.07546651738636713,0.07796747860794918,0.08093715839334131,-0.11998301454391092
гражданка,0.060490874054554875,0.12355695217025235,0.08168434550713202,0.3176871778793142,0.07019104420825686,10.764501628364822,0.13373609322901198,0.45034632482166864,0.1890769230769231,0.11536582500015465,0.11853702352214669,0.07595554857792865,0.17770048154306586,0.06956615249455529,0.07245631501483497,0.07864102648541511,0.013405525646151162
грязовецкий,0.040835097935415565,0.1433397300158814,0.019123875066172576,0.5086487559555319,0.037506617257808364,10.134109735706021,0.059763008758371976,0.522509225092251,0.05647961981356242,0.07498024627476198,-0.07544245983198763,0.07978751648692065,0.184997640249369,0.12473268552039911,0.06566275231916477,0.11273638457569855,0.02919441850948351
гурьевский,0.051673624711292616,0.12467314146328465,0.054695438695932845,0.3871010327458055,0.07067532395178178,10.445917215716605,0.15523123578468537,0.7234751452441943,0.3001669833592446,0.13227031507946058,0.14041704938537006,0.06470902541614772,0.2150226841408224,0.12934594502109184,0.08452753112044503,0.083762302203134,0.010558011334941275
гусевский,0.04186404957377874,0.1279859079613727,0.04135132584693781,0.4353653549746783,0.04855462237740241,10.184654698868647,0.05309384396265217,0.7326576672486478,0.08842523596621957,0.1059995844720397,0.004555512169725309,0.06428976741875463,0.26193257607647163,0.11809097148782156,0.08251695678101424,0.08064434388905979,-0.008230499136515468
дачное,0.05846550574176635,0.12653065774390662,0.07960256312598815,0.3284279209064949,0.06926905577158526,10.711192201829878,0.16104634002361276,0.4928759316089436,0.20846142998166683,0.1247653769557223,0.12599661754046865,0.08301571938946191,0.1812067681616069,0.07042949733370718,0.07409763886912676,0.08610488579563359,-0.026131136502153263
дворцовый,0.059738668465396626,0.11131962214294334,0.09432193346968203,0.26689171418758567,0.06513485833454521,10.894257854179726,0.16934165102053175,0.44435746115861735,0.23979176834228086,0.1150582045464828,0.17600067037233602,0.08115519901385684,0.17341192055457702,0.114359682437188,0.07383246337390822,0.09986377772414146,0.2431871176279028
дедовичский,0.04431933840102384,0.17843286765669142,0.020913460730997004,0.47476511825544254,0.05208882678374085,10.118985282241448,0.11955876113703856,0.40254528172361004,0.4003598740440847,0.05429658361927501,0.08821052631578948,0.09619665433415694,0.1386370847983707,0.09129533975944056,0.0754849986511669,0.0980606934443385,0.08259770267596866
демянский,0.04508566275924256,0.19572051763214973,0.013181028510153847,0.499542180335688,0.04891185143664855,10.083177176609537,0.04225352112676056,0.5850955845034681,0.16887928372954608,0.04208760322175332,-0.008119175374188018,0.10997321093895074,0.21894668778996737,0.1461816598206203,0.07052581241973394,0.09188014487411394,0.025617164370300316
дновский,0.03824052281035605,0.17826693875507038,0.024750863838950376,0.4683071260453704,0.042885222094246084,10.189655980005114,0.0979511143062544,0.48009458967829116,0.4797904191616767,0.07648476563905188,0.10956352741112642,0.08154552633169102,0.17974923011673813,0.1933712914151173,0.06717333068901575,0.10875715894301308,-0.004098366392282282
екатерингофский,0.053459330980164595,0.1266291722469559,0.08566904865756014,0.326418578376083,0.07112923277347902,10.677532844038662,0.13786757187845083,0.4954615594081872,0.22445896957047115,0.11566524591671219,0.1278067208969321,0.07651902804922785,0.17976109299327925,0.08599339506580148,0.07288436171109881,0.08435112345060976,0.04041754557642041
заполярный,0.032483952173537875,0.11016068460721748,0.04020116527291622,0.40658683084033964,0.04446682948973352,10.701568907883544,0.02002709548212282,0.8235622903987082,0.21339599139395324,0.05241972683087896,0.08733544332828773,0.12173495416956724,0.23852798665781802,0.2154295301316816,0.09331709396774586,0.1304103847975143,-0.03241825977685342
звездное,0.06360452740725635,0.12287220143903232,0.08498288838895936,0.29327612468214465,0.07129678607618332,10.86484087488052,0.1447538210076563,0.4608550699929913,0.18916930485575426,0.1149655042915205,0.12468583492510314,0.0749045540943857,0.17388853107837512,0.07663711232751103,0.07615669109263527,0.08337490103395588,0.07404401376928882
зеленогорск,0.05332962377311579,0.17389620040077336,0.060896070096601175,0.32406119365665204,0.07615398431419505,10.764818628001168,0.1557777438559,0.4385642908126847,0.2127577500350679,0.12334963101320295,0.11977629330433431,0.08088424964091577,0.18183528056850237,0.10520957478625662,0.07258504909695808,0.06882184679527865,-0.003177178876256459
зеленоградский,0.05465294199471414,0.11257079267929176,0.07474117202869464,0.34139260377958386,0.06718796574131113,10.64391979691605,0.18798324046477466,0.6673730684326711,0.3933466696302883,0.12812649799391937,0.3106562778617669,0.09543699967973308,0.245180892084389,0.15180828743301197,0.07837578187350573,0.11762206938501135,-0.07072639478623621
ивановский,0.04869023915441041,0.1349516287814302,0.05796552209088016,0.35693962294875686,0.06739032279553815,10.53287072675928,0.13023831205649408,0.6858159963014331,0.24480615472651862,0.12178106346451792,0.11136202729425566,0.06696748591861967,0.18793073616558323,0.08303537024770549,0.08075087669994083,0.06048397371589149,0.06495789627477233
ижемский,0.0321668146035534,0.1527290717809176,0.01767385009385504,0.4807211559448802,0.052803282743768463,10.262405395960899,0.0692657444132728,0.6800051219668353,0.07013215859030829,0.04816868876592725,0.040009171156712195,0.0811448552576487,0.2414543441493569,0.21931582852695,0.08341472243706265,0.13362434691717645,-0.0028288562004776807
измайловское,0.059876882471421394,0.11689078634274169,0.0943381369851796,0.27826955148243393,0.06790361620338801,10.876497249855076,0.14793792645371662,0.4537869440037605,0.20895642872999529,0.09394036947154673,0.13993020673610748,0.06784866255194011,0.16270463193214932,0.06838102970154433,0.07004226379744574,0.08367235984831008,0.11051661798406176
инта,0.03809430574591021,0.15392482368183164,0.027406904423680167,0.4194227011985053,0.026336289674191524,10.59686387350807,0.13413121666873373,0.5205242690479619,0.09631728045325783,0.08142769680239728,0.10708344278084239,0.08069867306622304,0.15515707264882608,0.23795248219389456,0.08276544665007445,0.08497931652534729,-0.008482921994476922
кадуйский,0.029205730622414588,0.15201801600357764,0.017112009071888326,0.4960150772228522,0.0406318378559678,10.169265854335238,0.06165815141662796,0.49428535543833213,-0.1037309687134013,0.042686488990955056,-0.06601072031720397,0.09247387248461043,0.2054200474280178,0.1465298690611874,0.08052228844496417,0.1362970861479336,-0.012880740148622949
калевальский,0.035667423524982034,0.18620083748844748,0.021128897915406824,0.46643998950286963,0.06995196421847724,10.505585670157927,0.09011019668015072,0.5202712773885825,0.22977819099482016,0.09454603871589605,0.07471163622339873,0.06782976520348387,0.22316965848262385,0.18724507054828787,0.09283001179532004,0.1220305516001527,-0.022728251077556105
калининград,0.059390301690096355,0.09319222871584269,0.08031393657677026,0.3398080359065986,0.0741168482441583,10.612136868347884,0.1465684527345451,0.7122074397919571,0.20917878872108459,0.11711906126715446,0.15011936972783702,0.0660625947404853,0.24717783457382703,0.10274049199772872,0.08075632465711763,0.07803205971267688,-0.038272122563931754
кандалакшский,0.03759061020220382,0.17824120828564374,0.042909401018873854,0.4033622089065434,0.048546122369592375,10.704591874601165,0.09764089121887287,0.4113282985339849,0.31892389054955156,0.10222969485427527,0.08934491585882741,0.04537575273932085,0.17875529332418177,0.15572986011119433,0.07024993817087129,0.12153909107719744,-0.028874039157271936
каргопольский,0.03929577967250544,0.16323296826132971,0.025308289631717263,0.5023129154626426,0.048800137942516024,10.241101993736118,0.03516328608348351,0.459749029616632,0.49744942832014066,0.060618805200022594,0.034471893118225475,0.09395327506305368,0.20302970178907429,0.2664536429937682,0.07650142177799969,0.08344919897224252,-0.016279429288862834
кемский,0.034668315902705645,0.18095872416791547,0.01950803077516737,0.4579035144057068,0.034398729242487915,10.358718539125851,-0.01782104080868602,0.2139323770855127,-0.032761106014938944,0.0570982287223982,-0.08086158192090402,0.0750110711552255,0.16959940674706986,0.18416814291948824,0.07335724824848677,0.06264201609260724,0.046840518185631674
кингисеппский,0.043054679462816416,0.1598099282256187,0.05592511745170104,0.3778273474918764,0.054619766907373836,10.642561675170331,0.14300052826201792,0.4501462569065761,0.1898814563928875,0.10778816926388998,0.11174564601053051,0.07172783625736999,0.15833408560804912,0.09062529619755194,0.07170593994320178,0.1010789461848035,-0.01597445757750382
кирилловский,0.035401602849510244,0.16630097951914516,0.01646304541406946,0.42200890471950137,0.046735529830810335,10.060355964552855,-0.0701655907942745,0.5476332537788385,0.1303497187576425,0.011284003516648537,-0.08596307906652728,0.12120557332870104,0.27603689352624355,0.28267627752747226,0.088466800504469,0.09979057464155697,0.026149662983918076
киришский,0.050676249474822785,0.15713525883415128,0.056678913352463195,0.3980418711505627,0.044166286751231375,10.526480473172866,0.11424500024568816,0.41560297966579424,0.21833117163856464,0.09515113505005046,0.17232174635188052,0.08806649072194775,0.17228561901955505,0.08703548373795211,0.07362999644106057,0.14229230701832843,-0.055759607476637774
кировск,0.03441029311134967,0.1709057636652416,0.058579894658204165,0.3612413758467208,0.047615684501949265,10.879894541737267,0.10542502773016034,0.4511980596497775,0.1724148762407337,0.08798615969294168,0.043581452944413936,0.03552769893140952,0.16812247015050255,0.10684235891911895,0.0686827820757977,0.1424858158438911,0.2052651423218994
кировский,0.045215359917037005,0.1729943395036053,0.03324331961890804,0.4096237412011606,0.06195470802189651,10.31503841040191,0.08305611586918424,0.48745459725090823,0.2440845215953709,0.08914905527057158,0.1575944387840643,0.07564857295836955,0.19977492092986,0.11974801135504311,0.05603251066811353,0.08426360636718712,-0.003194225339336443
кичменгско-ецкий,0.037340318695441486,0.14252807371148862,0.03159565428075818,0.43043899629897536,0.06599341259752937,10.07462878623539,0.09033118014969749,0.6120576671035387,1.717607973421927,0.008789038390322183,0.09121523544098013,0.09039022517866581,0.18772749578257153,0.41516773976726407,0.06581793419455226,0.11739197172846641,-0.010906366221775987
княжево,0.05748102323963548,0.1257337774178889,0.08099743236344119,0.33158230369174896,0.0688885855183802,10.704638626949311,0.15522230991844244,0.5396276534841649,0.22972090514181878,0.12579367095037336,0.1275827236830023,0.08162371316204282,0.1896246655077083,0.08319463984872026,0.07558177507060256,0.0929956275622268,-0.028745294678322653
княжпогостский,0.03613990415876641,0.16057231532530833,0.0244356896579987,0.47386769101310855,0.04026807131811749,10.325574854455784,0.1064826432455039,0.5735321678134453,0.07293666026871412,0.01341513292433542,-0.012594627185636826,0.07364581496791801,0.19678500532887205,0.10533600816917603,0.07084111598604861,0.11656953983342296,-0.049543743707731513
ковдорский,0.03570320681020846,0.1784080606433501,0.04806701892276816,0.4091575160631867,0.036083684532552264,10.79187422898641,0.043896572459410706,0.41253816405454913,0.056585292344785945,0.12780079459186236,0.07969230769230769,0.06127328453569983,0.162005724068861,0.13168423100546991,0.07768650827162192,0.19492114947174868,0.006533598559644194
койский,0.036608317649606106,0.13841208507519862,0.013720624240102596,0.5197381789110774,0.050678702886360984,10.127354175704198,0.0527828336047515,0.6924079504724665,0.0,0.033530728773366235,0.009890474610023112,0.10632345388765231,0.2657357096476602,0.22197805821981384,0.08546918358506436,0.17954435497811597,0.01081091610421564
коломна,0.05274860414939582,0.13711635839916844,0.07408485088051592,0.33634097734247614,0.07080910839413587,10.726296931282535,0.14683589631368485,0.45675483877239537,0.2215014181401243,0.12314950332592885,0.15551507368861137,0.06818689423012342,0.1767382764016429,0.08733271265626548,0.07535384711331769,0.08542541251903507,0.15369992480497685
коломяги,0.058735370781261065,0.1278616028976855,0.08504565331790528,0.29731742519595383,0.07701208497333427,10.899682520958674,0.14441612951581465,0.46633139227104287,0.19854711048465803,0.12202401690939071,0.1549289274506183,0.06785148870601522,0.17216721098810722,0.0878962628887187,0.07723887548755048,0.08869167552353686,0.06129445527937638
колпино,0.05188936501753019,0.14256889714622475,0.06628509783944143,0.3578096750671741,0.07112562804031444,10.638610062270152,0.14266860234921472,0.4712612872634313,0.2186432585301356,0.12074262722841356,0.13962421177299064,0.07599018185272162,0.1746887216342482,0.08149572351907179,0.07116402930262514,0.0842618271836423,-0.15504401980250737
кольский,0.03919580286410725,0.1713584514015844,0.046420342017062764,0.40691889472882387,0.04311871572212066,10.463360450273136,-0.014719961704164671,0.39108002086996846,0.1015647065469129,0.010773224221424557,-0.06825780566843265,0.07948366671023671,0.18382870037577376,0.12666921232228892,0.0713490324288606,0.09543204843954171,0.07433084498543341
комендантский аэродром,0.060766490906249235,0.12374410818725477,0.0841626428224765,0.30506963238378837,0.06723370651574852,10.832771834755611,0.15403361869649448,0.506006727534839,0.22241869578723503,0.1218789136471713,0.12998396283802466,0.0746991229545294,0.18488464900432863,0.08619925160148946,0.0761411662877804,0.09210839564409967,0.09882149189076972
кондопожский,0.040234922861150074,0.15261768057503505,0.03899401735624124,0.449906315743338,0.03968158309957925,10.322932266794545,0.07227332457293036,0.49415361510405476,0.0718319403659363,0.06441264533188164,-0.09558593993881495,0.06511391779467737,0.17686271391906028,0.10995325982740717,0.06432857615168536,0.15136014215411278,0.020447996792603396
коношский,0.03127824986440065,0.1613589207152758,0.022915572544934322,0.47480147968305625,0.0472000528048259,10.276386423935174,0.10246813675905315,0.400991702588892,0.19339411149305022,0.0753860953668556,0.05652983876148256,0.08653463883758433,0.1917172359594633,0.19768429639582244,0.09051660625406086,0.13475912416995495,0.022459572905369485
константиновское,0.05426130774934552,0.13786828685138386,0.06745872614742066,0.34765749133665236,0.07427023591543967,10.693224397041654,0.14309623430962343,0.4800389879381067,0.15984779497853507,0.13797992681522384,0.12756303486301757,0.07725095022050896,0.18272498706323534,0.07469856819169962,0.07603975006741309,0.0802364936878934,-0.05886513026147844
корткеросский,0.02947970396949989,0.16163190550945652,0.012973760932944606,0.515373402108096,0.03778874187037452,10.012162569161784,-0.1002737850787132,0.5692771084337349,-0.08392715756136183,0.056898666257856875,-0.0953020134228188,0.08386191571858943,0.24866732161993021,0.28998104790963647,0.08910555040426014,0.0909368471282471,-0.0032020520474798086
коряжма,0.04346733668341709,0.1543127726544812,0.046846871721243584,0.42166878347782866,0.036655806505052735,10.315023087154907,-0.03588707208034779,0.4832930810265667,0.036152671755725306,-0.06677747360187729,-0.18180697645753738,0.16621379931546637,0.18907807086645015,0.08533617153486235,0.14827418239182077,0.07570047472788785,0.07084769033083582
костомукшский,0.040142927457927705,0.17030685818845837,0.05294402759356601,0.40682662719003265,0.05024441196472653,10.700074655595033,0.08577235772357729,0.4484709040360464,0.1981124054077034,0.115246555941805,0.00495998196370195,0.06701871325496514,0.14672355438527535,0.14134924729463558,0.07364396018249005,0.15653902558510827,-0.039220713153281295
котлас,0.04351842275979429,0.14560749508757745,0.048254562206782425,0.4098417682840837,0.05355245715145304,10.47602896728277,0.1265591724977184,0.5461738132082065,0.18746023483139562,0.10436379758059404,0.10041052885776382,0.08329599461056372,0.19189825346211603,0.12282066628293763,0.0738790937590904,0.09516558781576046,0.00796454318249773
котласский,0.033041834403220546,0.1670860080513546,0.019492574257425743,0.4457213578500708,0.04096738657382222,10.106850076320882,-0.16130145853111244,0.52293293665551,-0.24136562127828504,-0.0171687334123044,-0.12953330443577515,0.14161640036584203,0.17199573930716622,0.1781780033799456,0.05968072916956383,0.058147008279272036,0.47315382178878956
красненькая речка,0.0556024429025997,0.12555426076710985,0.07754941485206479,0.3331788205441682,0.0709306040588232,10.717189848911408,0.15449212009662946,0.5556369127977485,0.21892597968069666,0.12612511391583342,0.15868227344032812,0.08006812764683562,0.1818942858397922,0.07648823931236101,0.07509143630905825,0.10059015926167744,-0.05004670142472567
красноборский,0.04055740880232433,0.15580185802934107,0.016984109903511603,0.519781914702823,0.04696725133613114,10.053350481655924,-0.05190340432668124,0.6803744825718595,0.011319948739854665,0.053982893052484576,-0.03720588235294105,0.1269288632801472,0.22693895681967666,0.17815035634838022,0.07298399178143083,0.10886863203618025,0.1385635530897008
красное село,0.05238716093243226,0.1568787090333882,0.059902490496713943,0.3543800517343141,0.07547782123763813,10.689925830470093,0.1603194619588063,0.5208544146597243,0.2324391862871423,0.12159507949569637,0.1391785059578368,0.0767714769236204,0.19445281412069648,0.09059701458662162,0.07882997812564825,0.07580397760594555,-0.08593715768022525
краснознаменский,0.04040323834668307,0.15669323381405645,0.025190816964595884,0.47274634164094315,0.0538489278849176,10.134152745249184,0.13536630717738926,1.012450072235914,0.4165581395348837,0.1107319424147258,0.07702488088935945,0.08869864786049046,0.351429579749348,0.19435516934014246,0.09644614724897771,0.09163840137852033,-0.466627548803878
красноский,0.04388913209431224,0.20137770847428194,0.02062944779505139,0.5176030477458474,0.05453670572827161,10.044744753266716,0.2010891089108911,0.4624924459391997,0.37563329312424604,0.10866061188431854,0.07594575303354753,0.1313276906391022,0.1841247840949873,0.08241676986246572,0.07130832827250552,0.11764374281680193,-0.009741553245299406
крестецкий,0.04291930318667643,0.19484461902864889,0.018427074551366975,0.4800056822217487,0.048780638447024086,10.203064227884974,0.0998733776511555,0.45207244942578995,0.287378640776699,0.05093982420554433,0.11317829457364334,0.06422269997938944,0.17942615116729269,0.14605048071511104,0.07105122654557078,0.11727877688735677,0.00355872261699397
кронверкское,0.05965840635377587,0.11158204487027071,0.10366854916053754,0.2805564819971563,0.06768041541464069,10.863257545269075,0.15807570782479402,0.4699587958291289,0.2226906572310472,0.11402519389668972,0.1458057544238822,0.07324699023566117,0.17673681391182397,0.07704843776934764,0.07320878643709233,0.08515018768719423,0.08831292601649188
кронштадт,0.046468074239026755,0.1590435524531266,0.06901528621261398,0.3514900236229156,0.07127116824120525,10.670665172482304,0.14273479874393377,0.4521542510908159,0.19998654421906006,0.1327430869470338,0.1280967692543256,0.0747324023468734,0.18591242905692565,0.08919846070178943,0.07952375365897667,0.08830453179421116,-0.027069321968217874
купчино,0.05862204117418691,0.12808095893540783,0.07790328542742878,0.32901269998718297,0.07258143910897617,10.711374253064799,0.13248645351132157,0.5348930392004095,0.22696819870688395,0.12268013792404031,0.14704241890503444,0.08304084346460339,0.19529691705712623,0.08625296239308244,0.07915671832511466,0.1023035947667512,0.029540379419351837
ланское,0.06111683848797251,0.12290065604498594,0.09020149953139645,0.28519837550765387,0.07135895032802249,10.884648000696686,0.168144499178982,0.4870442819073539,0.2366848699004176,0.11791141643094184,0.16312345647580004,0.07923538873381006,0.18697148820629775,0.08536771968439684,0.07680124484506273,0.08698662175054243,0.12930342638994485
лахденпохский,0.03578640776699029,0.225252427184466,0.023766990291262134,0.4169199029126213,0.04893446601941747,10.443901104333095,0.005249880684529959,0.4017037216046401,0.2967818831942789,0.10999030694668815,0.002984926123078454,0.0710266728801907,0.19067995768845952,0.24861196354285653,0.07965907546862606,0.13821777253868173,0.07619324143505979
лахта-ольгино,0.05434535222147124,0.15072175400361393,0.07905154696056388,0.3096817799357215,0.08283618632495138,10.785856042865396,0.12922757237030674,0.4628656536582099,0.19107370171199953,0.1245460692729596,0.13821696794522503,0.06520082233495765,0.16661656098880112,0.0867386293300238,0.07740263196983603,0.0878139914548178,0.050289925852143424
ленский,0.036911503463470885,0.14098241217333482,0.03577584929924103,0.4146750657527302,0.04973067988926549,10.544675646942927,0.1074167956019358,0.7231542949104808,0.20061126044850314,0.11531424119369162,0.17243966163954783,0.06963368968871018,0.19564119543628963,0.15098829597108743,0.0906466463845107,0.09869753749376933,0.031987675493397205
лиговка-ямская,0.05818192900370685,0.12001296032824277,0.08797785195391385,0.2866333782988286,0.06856141960506287,10.85812201055875,0.15082965830134198,0.5161911323660534,0.21840637981207103,0.0974911715031476,0.1642742352845042,0.06526321940729575,0.16157406912960479,0.09039397731520532,0.0720718723573484,0.08277255194419725,0.539931755657808
литейный,0.06278246613547067,0.11323613933373324,0.09424750550406563,0.27696521053639905,0.06631731684259785,10.879326248407269,0.16914258977658206,0.47691708995575943,0.20855819573097076,0.10530240836252656,0.14798706064642395,0.07946794054703063,0.16714861904539446,0.085296617835169,0.07202091684066518,0.09063452384317755,0.2025359326548315
ловозерский,0.03234088392830426,0.22603508981916476,0.02023200375036157,0.4396221710204774,0.03430782887977897,10.640047369005233,0.1383232692037636,0.4021879021879023,0.05899551007622419,0.08983190825424926,-0.012347096996496767,0.062065920378242864,0.15497685345854692,0.23490680488888308,0.06356575288274613,0.1764856853750139,-0.0008003201707691421
лодейнопольский,0.041346140676859586,0.17698056528229875,0.03965467652174707,0.4226788592090065,0.050497395464775996,10.505282128416896,0.19573541061526287,0.5126129114072223,0.32257327750285514,0.1101398706211742,0.21810472991575347,0.07730144438601673,0.22305886242188827,0.1450175184862863,0.08516526711373935,0.13966345402271876,-0.006223499578082992
локнянский,0.047726166418361776,0.19772690395763576,0.012294779697018865,0.4791940170814095,0.04911642794978833,10.025646186469835,0.0905873430521615,0.4718089486686797,0.17518505463517797,0.06639967830090356,0.12472555311602773,0.0937628879037104,0.19919982877469475,0.1974243346038876,0.072465707111009,0.1511111008534068,-0.0030745604542455895
ломоносов,0.05150213766854695,0.15559111391475097,0.06329922166940086,0.35505299456303285,0.07880429033827668,10.67662166998368,0.1584115585932431,0.45864810774750725,0.20985884428760476,0.11661989209590401,0.14653869830432603,0.08320289921284822,0.1888303592698456,0.0811006480522748,0.07817579690554263,0.07769246896588759,-0.17500497584390606
ломоносовский,0.05887046377297677,0.1347055536797048,0.07605918931662463,0.3037960785611314,0.07352641477792726,10.922478514644615,0.14241517694272163,0.41740190066230415,0.21410479563051435,0.13184149993976263,0.1727599856063332,0.07537245071098542,0.18014495649256082,0.08150940214935504,0.08181469559857203,0.0854009589924072,0.028747412007168904
лоухский,0.03648686518052467,0.19273743016759776,0.018391459203413424,0.4570406429100902,0.04451420151506934,10.51528909364212,0.07604638762996546,0.4313959148050554,0.21935870542403357,0.1012878808506005,0.02162863070539419,0.065596630532326,0.20301838894472346,0.1906429371981938,0.07615499031268143,0.13332798227875248,0.4479439111810033
лужский,0.04579148964604497,0.1596558956219594,0.05280549394411645,0.3948556783473333,0.06386753145416647,10.562606018163073,0.19328203111835085,0.5204869236769718,0.3130728412928124,0.1356295759018517,0.16952832050522984,0.07754490467563584,0.2111396276487992,0.11254106505817274,0.08633474063942159,0.09278860826771315,0.15412710965295573
любытинский,0.04061567003722771,0.18897359658930352,0.013607155582312541,0.5215717954073547,0.05290818395154256,10.208444550532091,0.15152834625097983,0.5409257125682514,0.17537808437251273,0.08712771133703798,0.08346961881997747,0.09719004468029221,0.161149386868527,0.17571010975547516,0.08022278600263422,0.08256910249463598,-0.00809721023261939
малая охта,0.06050509681711786,0.12101881185729603,0.08250569664544286,0.31643701974952,0.06815980253927324,10.786183582203211,0.17515315858190217,0.4596578033720714,0.19898304235653635,0.12585242604130903,0.15521018959422744,0.06708868224075334,0.16486699057553045,0.07928013534439174,0.07238019848901538,0.08987595048458295,0.11955923505763932
маловишерский,0.045187085993912995,0.18968192397207137,0.01926955899027272,0.4434146923673689,0.04056215313003521,10.237432789457547,0.11953870037702373,0.4723798494499132,0.11537132987910183,0.119957193135829,0.07453956208995328,0.06926605945457025,0.1774257135590298,0.22017937789004155,0.07284083526413153,0.1369497518517731,0.004109192750133217
мамоновский,0.03822191644689065,0.18620188816267247,0.023651721897335932,0.45606008485265453,0.05275388907999847,9.98982578634905,-0.10825753522382732,1.0850881698339325,-0.13587487781036175,0.0331186035638215,-0.16224582701062215,0.1386820824764324,0.3454191635533568,0.18535925200944997,0.061366216824009896,0.16322542545529808,-0.009342504172316746
марёвский,0.027816370016140086,0.2494485782869041,0.00891262259537068,0.5076300287975075,0.05362178274920704,10.010280791355791,-0.16058311673635434,0.5927883120920111,-0.13138686131386862,0.026395093511016883,-0.0829971181556196,0.14224889810909624,0.26722824160929337,0.21957711441104466,0.09281869119196234,0.17773590285126603,-0.032700461310934625
медвежьегорский,0.03729728880321823,0.18070629399932953,0.020003980891719744,0.44744699128394233,0.04322672225947033,10.367839826245037,0.13068678046843993,0.4708277376308328,0.06290008349568599,0.07440854264404392,-0.0019954045229169186,0.08729477653481287,0.21231308347985756,0.19738682125065987,0.06956976831795428,0.13150053435389727,-0.023810648693718517
междуреченский,0.045887861924939724,0.13938839670087635,0.033225156874653876,0.4645843050660684,0.043233005891694834,10.294497294563538,0.13979698984949235,0.5336051721732119,0.21818651511237397,0.0851422383574538,0.038170005414185165,0.08035584864580993,0.1982825704646435,0.13036595009051832,0.06783094084371485,0.09046755642891349,0.07491933122460112
мезенский,0.04819614826540035,0.13117332805698456,0.015911489249439387,0.5447665215670756,0.035506529481598735,10.137412772215015,0.03176844334627603,1.9686543771923282,-0.026236125126135306,0.03467389874670396,0.06435349940688019,0.18482393223286409,0.3029033052182189,0.31920133090375563,0.06340327318330335,0.20244927261826764,0.013043663192029376
мончегорск,0.041227035031699756,0.16229348882410108,0.04790056612214046,0.38847432396995074,0.047333672698104186,10.67403549235683,0.11597682551281388,0.2702878099578926,-0.04170042047602522,0.01739688118611878,0.12004380161518456,0.07472764875733581,0.15639022950994444,0.1324576535668973,0.06686321453184517,0.15246715352638002,-0.01402547535450449
морские ворота,0.05148565929541554,0.13893667470262014,0.07424824151512446,0.33389684216792165,0.07437919779358514,10.645418944866838,0.17470234053148634,0.6063407584134339,0.20889061187568655,0.11914421005027793,0.12492872790565086,0.06829529853270354,0.19755381410040818,0.07564275493452138,0.07050041599491871,0.06581652913497928,0.11151971431767627
морской,0.05870665080893319,0.11982499858413094,0.08840529094536005,0.29792874088337645,0.07396657290467111,10.877518751046855,0.10986527079677608,0.46348352387357106,0.1631926476371842,0.11753077386080654,0.1448851876202304,0.0742004513804722,0.18493633683291225,0.0683090900019283,0.0735215651533615,0.08489438500347357,0.2093955899130966
московская застава,0.06398017097795283,0.11955668874276737,0.08687511347221016,0.28265671005580856,0.0675118208441543,10.873993389482052,0.1524854965305425,0.4795154830516752,0.20379768988449426,0.10809288623169565,0.14639965685486037,0.07610887904279427,0.1635592598998448,0.07777714181890003,0.07316598443592613,0.08249903700904782,0.10411115437316187
мурманск,0.04641702822016586,0.13836419819352624,0.060050636758058364,0.3637786978789045,0.0647228933969073,10.828904843713582,0.15701288543081807,0.46408723917374434,0.15121580547112462,0.11880126984126976,0.12038995940305329,0.05741294134082209,0.18120138589667484,0.12064297638073558,0.07571378036136182,0.11469524576509049,-0.06254138592767933
нарвский,0.05465594438666341,0.12467245844091181,0.08246645762962763,0.3297889315464576,0.06876113833548331,10.677013922614782,0.1470184781731622,0.4826245999085506,0.221377523419037,0.12140050858648263,0.13871378541865653,0.07117929778636067,0.18024714733167374,0.0768823672942479,0.07492445992587478,0.09863293747354132,-0.047252884850545795
народный,0.051507460376366235,0.13615536529829383,0.07536089722191659,0.3337243325196323,0.08045756229101901,10.707439775383572,0.15550349328536156,0.5255119097367321,0.22035996859334425,0.12418177477918917,0.15284309533988893,0.07748468859628534,0.17973444168466177,0.08238662512057837,0.07365143876797842,0.0894297506803573,0.02714121881343856
нарьян-мар,0.03695818039345074,0.11554865894062497,0.05794703124785197,0.36892708376293976,0.04490074373462009,10.789215978827643,0.020304568527918825,0.8346793997271489,0.16484161801789368,0.01591380142528605,0.017841143703011108,0.06867345764744774,0.2350083565715593,0.1464292241508628,0.07511403116888128,0.10185227110039814,0.046403934981924855
невельский,0.039975185706734084,0.1464960732545897,0.01622831479785234,0.45091094959815115,0.04980624755170008,10.26163536959785,-0.06329761823517356,0.4763574992662167,-0.1001291989664083,0.005164745982795095,-0.07185888738127554,0.09648850353138465,0.18807020862956936,0.24169679993632084,0.08232278512355454,0.051337464376945544,0.07343269568676825
невская застава,0.05740665665939861,0.1335586794788916,0.07913776794094982,0.3199714391108871,0.07084707506546725,10.72841928838827,0.15739479400611173,0.46887991805748025,0.22657156604681447,0.11909688957016026,0.11968599382377564,0.07956766979125311,0.17340068143225384,0.08075561018047374,0.07482018514680516,0.08040935940942753,0.07158590272101195
невский,0.05840330125331817,0.1263974689461035,0.08187205899281078,0.3201420404005874,0.07164808025701219,10.77437986177696,0.15099852198123268,0.4635284139100933,0.1949698342794593,0.1154283214127285,0.1398762451788341,0.07382327289239378,0.17417439038584037,0.07781235393471736,0.07486389556527953,0.09198229203727964,0.09211371997148943
неманский,0.040332582734948566,0.12631314449179978,0.034572626031267414,0.4494699100248374,0.05643340130597676,10.16081028365043,0.08005521048999302,0.964921072412929,0.23540923218602522,0.13634623685689393,0.15683814303638632,0.07810407157237367,0.29950427166158095,0.1477119325981379,0.08122796724334885,0.09057762266690354,0.013162487856192673
нестеровский,0.03808717731696995,0.14773907660454036,0.025783165397676996,0.4723054808462418,0.06346114163603488,10.078613141456357,0.02023608768971332,0.8959605026929981,0.15277560594214246,0.09782131534021624,0.1210997837503861,0.08745764698116248,0.2577316606182654,0.10965358839191187,0.08728940911636708,0.04779249948313878,0.19665081822974018
никольский,0.04654579802167239,0.17078349719443311,0.01746873020454213,0.46089635707351445,0.06111150675997317,10.0093591875502,0.039380623561414446,0.48268007354257175,0.2683358280038101,0.08289740202553934,0.059320382041452915,0.09049542751753197,0.1651715217811037,0.19232046279418477,0.07882091423448374,0.07602076893172402,0.006763013788376238
новодвинск,0.0367956026983442,0.16093249596838302,0.030293910554886776,0.45875542280873105,0.028226997069979786,10.287127322380192,-0.01937046004842608,0.4261668134356521,0.046078431372548974,0.013905186207762148,-0.09379272627837025,0.07228056364691467,0.1647411432176473,0.12538262188137073,0.07091909606299221,0.18638326252052567,-0.008515866548993167
новоизмайловское,0.059661789520075434,0.1262380888000042,0.08192061131430116,0.31894185877052356,0.06907661972127747,10.767675890860442,0.15527675778593777,0.4876676047012083,0.20200953239726904,0.12111935416178041,0.14897780373831765,0.08132018080233787,0.18416979887527007,0.07796894430659343,0.07611136668370497,0.09454147737743009,0.043240278717841196
новоржевский,0.04317280170524012,0.17887555382877024,0.020994699640345466,0.5131011916006943,0.0503231187644138,10.059632670719736,0.07157391842873581,0.50442186047906,0.13860429151362846,0.08271406221794327,0.08994055431174237,0.11013511567293403,0.2010964116839022,0.1946636323043668,0.081979654225832,0.06476081382720363,0.0007307271059531217
новосокольнический,0.044773783181905495,0.183499228038221,0.011881808026979529,0.4639668163157857,0.031525922974578624,10.061608910206521,0.1327513275132751,0.4702428457416487,0.14422747516272688,0.09032085472086147,-0.04555735056542811,0.0916203021831893,0.1716398896514893,0.3124004377236153,0.0858987783232428,0.17962881942631298,0.016893534335495897
новский,0.04775188598648027,0.1483725789236337,0.04775868437571525,0.39885696415662586,0.06472293164672852,10.512557683118589,0.18909768071779245,0.5748785298503873,0.24608289481463955,0.1171493675063948,0.1456018611367374,0.07153860299416143,0.21488272932501207,0.11319083291117309,0.0752030193339941,0.08369641484163323,0.08013341473514335
нюксенский,0.03418394037597919,0.15560266052490335,0.014790507442811622,0.4609311837161745,0.06259978666884075,10.107754048080649,0.03550113192014818,0.40919858483310256,0.2745901639344261,0.011510019083969574,0.03134094470561904,0.13317602749656482,0.19679643494147384,0.3088678840967505,0.07646755898076991,0.08663317340232808,0.014378885186817403
няндомский,0.033945997724959584,0.15914397522491874,0.028770008653861853,0.47638420969559087,0.04344347504258897,10.329512082109533,0.05132743362831858,0.5268929503916449,0.34675159235668795,0.07181999081585795,0.09846556113672332,0.07393495303135786,0.2027200083801822,0.19574456210279656,0.07589647348155906,0.13523562844898065,0.016322451606696764
обуховский,0.05377570403837837,0.13525675298394027,0.07877857803681272,0.3273402102489521,0.0742878414355759,10.729176834449984,0.13298219983852985,0.4990696921894593,0.22003052054484812,0.1267665791490271,0.13851445830303707,0.08019853637078501,0.18731500930793585,0.07907877488518736,0.07564459108732846,0.08412343562911327,0.04123493545968704
озеро долгое,0.06119895309708778,0.12531095509118856,0.08598562585684019,0.3040239292094221,0.06893274064226664,10.822752191295674,0.11081619110816185,0.44639021021942593,0.1692502372666877,0.11364466411823418,0.11247586354859472,0.06743201905189929,0.16981044184277533,0.07138645613257125,0.07648572553669607,0.08090188492232661,0.08192780500738284
озерский,0.03834229674153749,0.15287004815634994,0.02725227600267145,0.4610917782698865,0.05282435234981897,10.07358891261279,-0.019681854947425182,0.8369588173178457,0.033871182824376705,0.09511366387550833,0.0757337151037937,0.09370866826725195,0.2297256918985843,0.15400743990453122,0.07367986644146352,0.10036066962220971,0.2885825677850311
оккервиль,0.05594401646840107,0.12804783965136363,0.07740637736573323,0.3360385517140158,0.07247639441368954,10.698465275723633,0.1338621715418939,0.5107115107115107,0.20456209188603566,0.11210402097357762,0.13311955754295135,0.07141159085672037,0.18354405021163347,0.07975160650609363,0.07217070653569231,0.09114630974103291,0.02897722966696903
окуловский,0.04346626149198454,0.18436140473745746,0.015051606355386469,0.4715200579273178,0.05063595410921911,10.242890015656856,0.0912680673521084,0.4479664374781494,0.2734120010042681,0.09854324965257852,0.07193114712903637,0.07556091420593881,0.19922168992023345,0.24289580679016254,0.07533484938506504,0.09851450527499483,0.004942036289307006
оленегорск,0.03514765454944455,0.18649332060125462,0.0446710121804871,0.4227979336073498,0.03548572682573857,10.649031480954852,0.05288717796861125,0.40820469948944543,0.11812153602533655,0.06288704883649275,-0.026045905909164904,0.05583388057628986,0.16183644616164475,0.1317072464826682,0.06388712914551241,0.18517651638248414,0.012388320856952295
олонецкий,0.035906739576058014,0.1727310926755589,0.02137312687029056,0.4679545054483303,0.04213583632863738,10.287133000504367,0.07679863771817802,0.5271216647004193,0.0869188564828185,0.08347850094988923,-0.01968425919809757,0.0752067559504049,0.21660723904906737,0.15383649994603749,0.07201546989879949,0.12220977345002504,0.14983900083465024
онежский,0.03845517788827272,0.15127393801748565,0.0260768662558019,0.4978005137647046,0.03673527887721465,10.316766497397106,0.05473238584820093,0.5495200451722193,0.31384529926399096,0.11179646284634369,-0.005224660397074123,0.06961195737566142,0.1900327915016419,0.17122413513213666,0.08763782328918518,0.09325889440451789,-0.0005275652984404466
опочецкий,0.04733805845991532,0.17069294342021613,0.019159757070782216,0.4956614951779361,0.05465231093857786,10.112315793654082,0.2368793072981092,0.43240635641316694,0.3149222557437922,0.10169185788694392,0.057238176228167605,0.1075284189901597,0.17677206176793983,0.17297052931170656,0.07937207566700709,0.10818388199253857,-0.005264709440107929
остров декабристов,0.0605315617749306,0.11496802429242652,0.08876381019106878,0.2897088647563453,0.07110530226508341,10.878972864596578,0.13043095608296418,0.46924435878904674,0.20420689214244614,0.10477981920673816,0.13740074379334602,0.06524624215927066,0.17307355470990785,0.07674149212114012,0.07445565829069259,0.08751626321633243,0.1352454929939706
островский,0.0496750224017076,0.17633855661387493,0.022165900146899307,0.47899828995931887,0.048937905785317405,10.079757851231433,0.1376510120809665,0.5514199655765921,0.12142099681866383,0.08124295210983268,0.050191168753279926,0.06635390433376788,0.21759235957731482,0.16775144520376095,0.0727475782464583,0.11651107855135563,0.006329135051647561
павловск,0.05033554197119656,0.1628945441945549,0.06975808026850153,0.3137313184396067,0.07547868446485684,10.800868958002031,0.12899539030058302,0.42122110254890344,0.1883336709007262,0.11202822379154848,0.09937903564978601,0.07815720923159275,0.17778650467704982,0.06628850091557875,0.07810538740706072,0.06606196103829318,-0.08787426426381018
парфинский,0.03800620240108629,0.1700833122072005,0.016346417644546158,0.4634506325685095,0.041291460759221126,10.085687574167206,0.13881373569198746,0.5857022599235899,0.16538747214657099,0.06441424196018376,0.09716711266955799,0.11341928449389102,0.22868671096036647,0.1664708583984254,0.07713178729357774,0.14773147650926566,0.03152208653735189
пестовский,0.04517247881513311,0.22084830892478588,0.029524533304382112,0.41143497117258165,0.045132480415069114,10.280856066632834,0.09714801193532704,0.3497468133403179,0.2700012289541599,0.1008523487367656,-0.03216517583629457,0.07974702726460572,0.20429313939407187,0.18133983434694367,0.07330120433027164,0.09874097654774242,0.01712276023253434
петергоф,0.05517570625755202,0.14740044298960622,0.07031951134212529,0.33564326938912215,0.07766196229222141,10.715215598549754,0.1380916030534351,0.43483977880649166,0.19259375490349925,0.11756805047256412,0.1432540655389393,0.0664848736989278,0.1830230388185981,0.07617992380861421,0.0772357084674562,0.07504952505989027,-0.14708814364526246
петровский,0.05892613445131463,0.15433275782146572,0.05742488819162975,0.35907093405644386,0.062065848661542355,10.326049424509351,0.13304191443836222,0.5268610949762933,0.17998176334432198,0.12129184103763442,0.11023862442908434,0.05933272436176237,0.19206807411230095,0.07337371980754093,0.07613812877185049,0.07088268208252788,0.10407223879745953
петрозаводский,0.04983529603141866,0.1347842000383438,0.059461908939329684,0.36779819551842535,0.062475187894209895,10.669716732691326,0.13201073329520957,0.5092703025046081,0.15220083305189688,0.11401522705676717,0.10388366124893071,0.07723401679773574,0.2164258318812921,0.08565245871758925,0.07569877506026328,0.1005704185572896,0.0328231984320988
печенгский,0.03587952642789914,0.18364624098016874,0.04591238585888609,0.3807087069235977,0.05256683344066313,10.829104658266527,0.08770085598438204,0.33358114103455716,0.05126847895950697,0.0748313590571958,0.07999457203921702,0.044522769991827145,0.170068832701028,0.11824915411308413,0.06722709573285258,0.13931083841603287,-0.002094241603114777
печора,0.042628343101868714,0.14379946355839598,0.04475644888903606,0.41583275384394625,0.03660827621223661,10.538734132138686,0.08489240968593746,0.7067732215380585,0.1344001790510296,0.07368985054549176,0.039360701974302845,0.0694396072656251,0.19821329050879063,0.13707263565694883,0.07916247572907817,0.11809057124196247,-0.0049030630874451475
печорский,0.04963064537532622,0.18169661541183638,0.019690973864459952,0.4535320918299641,0.0430193507116584,10.106098410120502,0.09975118751413707,0.47735509752386224,0.09768588770864951,0.03702637516533094,0.0003164807342352315,0.09757344298962661,0.20561256592453273,0.210203649430785,0.07371424583068104,0.0853844890686193,0.008742663040156584
пионерский,0.04857393139310012,0.15754062987145653,0.046172661910772406,0.42253107237112764,0.042481199851110096,10.301488763828196,0.01770845549431208,0.6712487381984443,0.1387355052457206,0.039543626748925906,-0.01696781296548145,0.11276321097782345,0.2734844968858372,0.19110379890602366,0.06927886349029026,0.2596387164331525,-0.3092647306896724
пискаревка,0.058258073344280244,0.12946021320405557,0.08641215106732349,0.3050798863606745,0.07591973571037611,10.842654614411254,0.15618130091814308,0.4763240511972655,0.24702618834924062,0.12538608530532278,0.15860783095090114,0.07325923546672869,0.1893363351857472,0.09992189724828762,0.07758096190857106,0.1023049701270176,0.08680054851403063
питкярантский,0.03564185241126606,0.18003634051515066,0.0277379160247598,0.45067265137483253,0.041532735365151806,10.40908704383052,0.03284538635205004,0.414437182853871,0.24542992552471227,0.09779002142638502,-0.061502640695099094,0.09085361254963606,0.1973255789432344,0.1783778847761407,0.06738230498747423,0.18488441305652595,0.0006879945231818008
плесецкий,0.03464981513177684,0.1545652735224517,0.029405892890891815,0.47534957263364686,0.04761587870302098,10.351599655504566,0.05554654557249425,0.47285917207792194,0.33080351764847615,0.08336215002881674,0.03626462750550347,0.08465263260092372,0.18543534353998267,0.1840662795978026,0.07425866668078387,0.116169899384857,-0.05875317521826723
плюсский,0.03588279071754899,0.1846199315602622,0.01134490138196994,0.549052633078257,0.04251311286859357,10.060644423525128,0.45537261698440207,0.4220631394168791,0.6619718309859155,0.023552372164654133,0.002855942881142301,0.20575834807579718,0.19244399792417333,0.3282837546110889,0.07809183341063058,0.15363299767417612,0.010000083334583298
поддорский,0.03479175416368147,0.21225511129620284,0.00930674129941449,0.47372266122685225,0.05374404873245501,10.069549157674897,0.02527301092043682,0.4883807261118123,-0.21095152603231598,0.04089893914014517,0.019140677285503886,0.19061079781807627,0.28255187042129715,0.3317492753917447,0.07894271436145546,0.14973179580599275,-0.002440017477365747
подпорожский,0.04193991974617872,0.17242023912258553,0.028086276698991833,0.44026928818906513,0.05080522699744693,10.39033549558704,0.17211765547842253,0.5291258828605819,0.26841679195096557,0.113983594448548,0.11919670559034236,0.0935550192867685,0.21656369291596395,0.19244824676188194,0.08016034307001989,0.14986790435314332,-0.019748310466096597
полесский,0.05207907147010056,0.15992664211833443,0.03883589224574172,0.4447016516290187,0.056741101229569976,10.052790788181115,-0.23384371700105594,1.0017519428597097,0.0808030363563723,0.01585570813691324,-0.012307115636908908,0.240978972123898,0.3191303862648843,0.11974155347030531,0.07807783910884185,0.07511323941208942,0.020715742471679566
полюстрово,0.056203520654152746,0.13640670666610893,0.07525993878230251,0.33059920958968136,0.07837720359158375,10.73249959896966,0.12186887388368547,0.4598076997936861,0.21651575729068676,0.12135344375559055,0.14654002713704206,0.06439698570835341,0.17964049959513337,0.08637230158419311,0.07770858859844948,0.0828534661223682,0.009857499288968397
полярные зори,0.03736986545273383,0.1808487143622658,0.0498692876476399,0.3814164185671461,0.05172339999349434,10.792953358387951,0.1848233186777398,0.31834462790320356,0.15499603489294211,0.05642304719544419,-0.0026409613099169296,0.07565975514619419,0.13483563809021798,0.13093537880294095,0.07458543869200666,0.12255885636801467,0.2832399310325596
пороховые,0.057542324519688035,0.12758036903176714,0.07373406886056685,0.3362887578466806,0.07357808636104242,10.687602163466261,0.13696158761181704,0.49194732393112955,0.20727567197184402,0.11758235506078249,0.14029657144541735,0.07763608035321697,0.18211792266491816,0.07622968508936513,0.0762327244844051,0.0870016985063573,0.044199225359712324
порховский,0.04140323279991127,0.16043668680024065,0.019894928961087414,0.4812898932147503,0.04713071361587561,10.11834688426264,0.08768211920529802,0.4345565473507047,0.27017167381974255,0.0648471778091767,0.06736697876227449,0.11178842376089204,0.17003381827112635,0.16248731959480278,0.07030209586962487,0.11572090942259738,-0.013132165083458214
посадский,0.058150002368957183,0.12044926914081514,0.10185367310400871,0.2652672111918152,0.06961144794970345,10.968946572713241,0.1907449873581466,0.5707839502705537,0.28176775615661187,0.1338160841950231,0.20387843273576006,0.08922332940820121,0.19435298885822408,0.10610885854085982,0.0813747983880002,0.12052113098752097,0.1292261958290024
поселок левашово,0.04964601570918803,0.17243264093210384,0.06151006775257596,0.31387241344119776,0.07323747303821093,10.782673331457042,0.20358955004822418,0.48914017686424455,0.16337880721039022,0.09517113180558984,0.10317605065006123,0.09075345129127334,0.17750208177099466,0.0911828279268678,0.07744415088411775,0.07761474451438705,0.08247564312036748
поселок лисий нос,0.0566071857343023,0.1598204326272822,0.06640619063684414,0.28299185746459865,0.07262478990191877,10.912111309611822,0.19571777092963538,0.4539346347398109,0.21252566735112938,0.1298143429195486,0.14866359003941923,0.0877371314080522,0.15146250007825743,0.07741815630270198,0.07728384412591972,0.06819887796639276,0.04126300886036871
поселок металлострой,0.05022286040880294,0.15702419252231128,0.06445078591869584,0.35569005943617427,0.07074984903656042,10.627739669552948,0.17407110145885477,0.4880289372452202,0.23607560616624054,0.1393960174414844,0.17183475497574852,0.0847842054712747,0.19398191649701155,0.0844224462817675,0.08324292441711113,0.09963627111280379,-0.07424485532415015
поселок парголово,0.05650499207386601,0.13955731846372058,0.08037899435436772,0.31928588313819284,0.07494194454487305,10.777781989558093,0.12096551724137938,0.4769867549668874,0.21548166644762792,0.11843859787989308,0.1303219379194631,0.05485734447679099,0.177153636055093,0.0846379339929673,0.07701200467720715,0.08030612191033658,0.0538591696727293
поселок песочный,0.06120995592447018,0.15237321257285583,0.06662611786072678,0.32068142438755115,0.07812971188199275,10.797803599904817,0.07312046357418084,0.41578280829507674,0.22401327115089686,0.09772142744668075,0.14817225838758133,0.047941378612162064,0.2006669114963953,0.08005393243865595,0.08004723581274549,0.08280827242638795,0.012560595263266361
поселок петро-славянка,0.046665158865093356,0.16783781254386923,0.06937966963547598,0.31780427695715247,0.0794637425714776,10.662929523589359,0.20301583312390042,0.3217153648912158,0.2350838221512618,-0.007441237364511066,0.10867495443540719,0.1104269952608692,0.1483521793416943,0.10746814412968353,0.05530242456864752,0.047346014383607825,0.05985688814189061
поселок понтонный,0.049503392282368976,0.17402936744228165,0.05489741229327774,0.37535652920036133,0.06974066879811662,10.562429255929374,0.15040080160320646,0.5578778755596727,0.25543558645170833,0.12010499295543589,0.15713979110030055,0.09311752606530999,0.20996257735970528,0.08286740263392689,0.06759055542574699,0.08598569309528088,-0.1981053331201168
поселок стрельна,0.05476874626663914,0.14476945868779328,0.07121288788135081,0.3239817400978026,0.07535771762182858,10.728103322520914,0.10675526024363234,0.4235342721655411,0.2421616110119805,0.11661157805269619,0.12494886967903798,0.07742388428703088,0.16870270598261142,0.08105944795080218,0.0767995832686289,0.07674326527236656,-0.13637740454381486
поселок шушары,0.05145694349300841,0.14472680809263283,0.0740612172923987,0.3367800450165165,0.07843177080352082,10.717359733224294,0.15033435152315705,0.48970825810130203,0.24545877969259433,0.11427908141758346,0.14496347610447716,0.07229474324228881,0.1901370500563122,0.09200227813661536,0.07764232874421663,0.08925009375467631,-0.05536017999814913
правдинский,0.050448561578936756,0.18114226962078905,0.021672076285708525,0.47227788641816015,0.04636009918754914,9.936386240400847,-0.07687767448723618,0.8570601851851852,0.06880095446410826,0.030910051047350753,-0.12595971113645005,0.0878193497759278,0.2865500721084489,0.1476626913490382,0.07865047648748395,0.08456202767102255,0.028013036227673982
правобережный,0.061328567450663236,0.15191361948598137,0.07000056578216056,0.30073318711747304,0.07738014015866307,10.5336849492468,0.1460734720955303,0.4523009046654435,0.218292047187844,0.1334654607945209,0.15848129017256543,0.06293373535501727,0.16853505971222402,0.09861965386931192,0.07825267075234343,0.08296685221568213,0.07904770423871743
прилузский,0.0382033259283657,0.14388179148825833,0.018504243256690752,0.5137949641548176,0.0482876304337162,10.076761357141327,0.019543669347297635,0.6302604414800698,-0.034552102376599635,0.07405291377340248,-0.01802764714265349,0.1062292180536107,0.21860069494283818,0.20000184301463128,0.07585616020819054,0.14930978950800175,0.05530088934576605
приморский,0.03380095434358573,0.1498627993343839,0.04951346109341767,0.382068038305985,0.060225031131877944,10.540344324783247,0.1059349534866951,0.4528846153846154,0.40749326483303056,0.0803854112133224,0.13128260329552052,0.08361175419877859,0.20982970793707245,0.15728415758721126,0.061333969434225456,0.06887589168889052,0.03118608507382792
приозерский,0.04250190473688359,0.20369300020142045,0.037197103048454756,0.38736655895051186,0.05590950091514945,10.54702423254274,0.17747316067204458,0.41821895673912396,0.4223524487233152,0.14864803453760514,0.18721524872152495,0.12483548370454531,0.18373716825438677,0.19231843250792324,0.0852587088151359,0.1388817197711123,0.1247375469834775
прионежский,0.03893152420252557,0.16376449594818387,0.045940924079214,0.3937847602894665,0.0661842224321839,10.586649630805052,0.12331511839708562,0.6357483658070076,0.15439932318104901,0.1401641391832035,0.18063063063063062,0.09617765299981504,0.18628347998636102,0.1888180684466901,0.09651820325572079,0.1819661422292863,0.04223377721092225
прометей,0.05725592631845643,0.12882851056085473,0.08186758875649905,0.32971491580220746,0.07306420014773421,10.751638620266979,0.12525422540150075,0.5080515466070721,0.21827788545787633,0.12668963204584952,0.14699456613074904,0.0809415664902559,0.19043546515129572,0.0799661464319015,0.07307391150920785,0.09470934276628808,0.019977358235704124
пряжинский,0.03256294129575803,0.1897180008726057,0.020063786248471403,0.4962576276185853,0.03010182448334982,10.208131210540278,-0.05787181082762913,0.5359319419914926,-0.06366504158302266,0.057659061738743224,-0.2419529557412566,0.10994369195987233,0.24482957554478746,0.20346198913996383,0.09350779579189479,0.23106236189282758,-0.046246772925357615
псков,0.049629023385614424,0.13946842338293106,0.05688978931032787,0.38558088363543663,0.06513669560239535,10.525876912144586,0.2082312591866732,0.5230397304095138,0.2428431851489987,0.1334972357894599,0.16590617995517123,0.09448451249701795,0.21385708360003416,0.1187991992189842,0.08604749518630488,0.10868728180157919,-0.009931204482045874
псковский,0.04794022560809209,0.1440836140320823,0.06109106989548246,0.35978773796315294,0.07086755334936187,10.641514483777074,0.250558586645882,0.4706910924506436,0.2787274849899933,0.13658874240946423,0.16864303780836323,0.11132784896152634,0.22820161159381971,0.13526892047759606,0.08817495538542323,0.11083457145932106,0.07011967379697381
пудожский,0.03779418576746418,0.1622856218014187,0.017250712966218516,0.4641479844403146,0.04987414960291549,10.304425763020566,0.05622709194416298,0.6783642607716949,0.1772995619881927,0.09214051214707823,0.06979110552463044,0.07362196533233814,0.21693176446150367,0.2319276659029558,0.07793036225267988,0.15166308232314257,-0.01181116092834461
пулковский меридиан,0.0613395431732394,0.12827803044951283,0.0805323200309371,0.3050953754066801,0.07361518608502661,10.811018361407125,0.14313467443755087,0.4600045927740353,0.22192458798918308,0.10879116178744046,0.13801887037662774,0.06140354431514093,0.16778027454100364,0.07287684078659529,0.07157393445347822,0.0675990916833475,0.08950881395644483
пустошкинский,0.04739071309176418,0.19220471994787092,0.00900926424342012,0.4639664844037737,0.0542963991274046,10.066130640992528,0.04261784183872239,0.48957075419914353,0.10897994768962517,0.025694623857951477,0.024181696726786966,0.09225967490368064,0.17058907194169892,0.2546587401387151,0.08226931334279897,0.07208231482337558,0.028423753437888333
пушкин,0.056822715181251,0.14494452141756345,0.07683903679315088,0.30435998920720997,0.07696815299276452,10.826619827590637,0.15446963072576847,0.43659661039195413,0.2172921091967587,0.1180390869179223,0.13770828745503927,0.07585576157993475,0.17728016746213046,0.08910353677004919,0.07807024515684027,0.08421372913724602,-0.0829051583227689
пушкиногорский,0.042243348234329556,0.19899336938203163,0.021577163084571287,0.4558240771468171,0.0511741854881215,10.15091387637018,0.027540360873694207,0.40510923751981454,0.1633046833888791,0.06411921525736551,0.09609756097560983,0.11722473747849342,0.203496088412682,0.232183587196948,0.07901969289877483,0.11553173553820228,-0.016161967956998147
пыталовский,0.03637404593082935,0.19662717703932817,0.03475471148406243,0.4586442986215331,0.04308174928772999,10.110484784107634,0.11437467566165029,0.4903325202208243,0.1213247349437097,0.058762805974818116,0.019889325527307797,0.1005806761897486,0.19317337526985315,0.16815052451189774,0.07942412363211591,0.09721954646424899,-0.003593248566125473
ржевка,0.05643405173291002,0.13593903501712282,0.07334410100146714,0.3333573848257284,0.07542177992144412,10.715378418292008,0.14642763182621107,0.5318989241931449,0.20010292737565472,0.12303511549344935,0.13817460982215143,0.07434977908168552,0.1933590097670891,0.07693301643041223,0.07719744920118528,0.08455451542700967,0.03559943319724046
рыбацкое,0.05504693582184642,0.1400746112005185,0.0775352525033052,0.3292007468485422,0.07447125848398585,10.720131046484719,0.12862428269405005,0.45017824122614697,0.20802134434977193,0.10864927881335967,0.11483543745520712,0.07901376937823269,0.1724482001927422,0.0762159857511177,0.07027149158939174,0.07908211597636136,0.0034305350967893666
сампсониевское,0.06111628746723582,0.1260208078769453,0.08970052003572222,0.29087180942125473,0.06750147499282654,10.853138912035147,0.16914394967312188,0.4973376747749475,0.22733689179055094,0.12130251056425549,0.16074844074844075,0.0647616901871691,0.1871998689988209,0.08981231246180565,0.07706150736561676,0.09185352632140584,0.13453532919665134
светлановское,0.06332029531813861,0.12479288159054326,0.08664525720519818,0.28925002246574566,0.06985033872038265,10.875387999635375,0.16441017017945675,0.4971817665973142,0.26012289631769625,0.12769213748340463,0.16459888550099874,0.07542634467613082,0.17816440049994117,0.08413180057882379,0.0786132440576112,0.09574517689958455,0.0915299696798908
светловский,0.04758481528009595,0.1368681782108451,0.03978035040018791,0.448609040082849,0.03424284590719342,10.061221091963885,-0.03687963696607368,0.6103085876983628,-0.08601798855273914,-0.010712519914299841,-0.07799923342276727,0.0757069870493991,0.24277486257628406,0.10605087031849114,0.055453231787306975,0.08799620395239839,0.07090598131788423
светлогорский,0.05416822099409391,0.1246250746616238,0.07011184688599036,0.35737311836535784,0.06938517635237267,10.562239525109405,0.16220217441591478,0.6658308113561031,0.25433994290564016,0.11896917239423682,0.20756557961496597,0.09276815932789717,0.23387750062752086,0.14003281991313404,0.08132683689627752,0.09805065599604341,-0.049144101111328276
себежский,0.03438028591484401,0.2273898133173358,0.015334757856782824,0.4511430718374188,0.06475294001230739,10.201723115487878,0.08807985907222549,0.4025711451895933,0.16299249530956855,0.10214472958578541,0.050571944611679714,0.08847605470247305,0.1861710557044468,0.18714873547340072,0.0782512684387346,0.07405052250898886,0.028389003262686008
северный,0.05147349440701234,0.15769582472888685,0.057942907792295884,0.3698662734541815,0.07170670901262662,10.48103914697653,0.06308112154949641,0.4722810541714883,0.19626044131138046,0.08645577685684992,0.11095611214276008,0.08626020498337877,0.16039442782075708,0.09181454026323682,0.07246862294578803,0.08686138836069561,0.04337222272217778
северодвинск,0.042734994219631305,0.13262114649970766,0.07010991214974845,0.377438208710098,0.057650426763390876,10.692938737075332,0.11618482826785277,0.40125147438076,0.10827301549321063,0.06485845909112758,0.10000361023863684,0.0829430181625917,0.17047446475104255,0.05365829629382203,0.07098137227562336,0.11577837151133118,-1.183699882972602
сегежский,0.034604194273203895,0.17278571565746767,0.025885329646060187,0.43574158360699816,0.03949655278369918,10.454927149187373,0.15848268102547608,0.48305276821956195,0.029206834017371383,0.08397530067958967,0.014490072758663158,0.0780546182679981,0.1762321667749759,0.1398451818610505,0.06649702267423568,0.17624878146141526,-0.0028571448007798095
семеновский,0.05316686939368676,0.1467994186973536,0.06684638758672844,0.3593643938462099,0.06407312750846215,10.507407266028075,0.11426184508891271,0.5359517624347576,0.20842083590693836,0.0996291959406713,0.11311608397142921,0.0802836644213901,0.19595112048660848,0.09507651180447464,0.07585952334072066,0.09299060021211317,0.2850714835869861
сенной,0.05832320992188493,0.11765287528427952,0.09344497337307361,0.2903076575367621,0.06365565804528696,10.7620714849403,0.13127611480238385,0.4968437605301584,0.2085407627312173,0.10918916001592131,0.11561194491722117,0.06874688931207194,0.17323569526945715,0.07666662924287859,0.06566513836362717,0.0751150040681724,0.210274372281138
сергиевское,0.05890939498855701,0.12820733818437885,0.07735388181444751,0.33080328325802477,0.07020201279267649,10.724228742627831,0.15524867839033338,0.4920821239542428,0.23270697565679874,0.11894674813137734,0.1508537758537758,0.07938466369662167,0.18715220583905115,0.07941892169328582,0.07372777732860337,0.09208333743487448,0.04644104852465314
сестрорецк,0.05699331922211933,0.1483182299245932,0.07350343960841381,0.3029798915200423,0.07878853022886624,10.827634013875866,0.15918875285887274,0.39497013811123555,0.21948475952701046,0.11981175320111227,0.12063693668266061,0.07603559911204233,0.1683014801385245,0.09014134796832185,0.07882281932511478,0.07653909592335861,0.00917437627604123
славский,0.05230138204154207,0.14745143996336108,0.02552601093779466,0.4710559282308252,0.05965610603733937,10.11645954852884,0.31063291139240506,1.0711413840404902,0.10334788937409019,0.07226301991506591,0.08834551821588739,0.053819933253001544,0.2786568975793305,0.16711077159543627,0.08953861250777952,0.09058588479114882,0.1092358738957171
сланцевский,0.03431179755784954,0.17601945206620367,0.03708339309923608,0.43571887970164863,0.0433484020525539,10.49186200761871,0.13482286326421317,0.4561618404179985,0.16405228758169935,0.1312150879932729,0.11417018493191412,0.09781911674965348,0.18487063895909794,0.12331688828806708,0.08518048682161895,0.14403572208654503,-0.015007785433689524
смольнинское,0.06446986322284544,0.11410690794800339,0.09185151142688383,0.2768052533284394,0.06705920635630534,10.89741656530359,0.14118803232146757,0.4967431322571509,0.20399045847820824,0.10851856197928568,0.13547460503982248,0.0657749492508294,0.18027796742217556,0.07979249841374193,0.07282500149675998,0.08708468706371043,0.14695519469494456
советский,0.04485042632338375,0.15907465159478973,0.030945790439461333,0.44208938512735996,0.05309321247180857,10.137138563778135,0.08938055123157204,0.6176383205067998,0.20248297077565364,0.10854476447956768,0.11841373833631134,0.062226236165498855,0.1997915126868496,0.11406254861543003,0.0784234451175025,0.08058917649737841,-0.03406364593384714
сокольский,0.040284084664747914,0.1651118674951142,0.02200875699420713,0.4614591911009316,0.04545736898354839,10.172026623840559,0.10070502219514314,0.5026817035340504,0.06884282178217829,0.08659028259605829,0.03868690177239152,0.10144653051003356,0.19439723566245534,0.13150492891881516,0.07745587830598404,0.15209504395099763,0.0015894043081068343
солецкий,0.04542677940189798,0.19156755601990783,0.01588552010975329,0.49271148704357093,0.04660842977358377,10.125273516078266,0.07047903720600945,0.47634604995755414,0.24875360797690896,0.04685073155509535,0.16776783474115578,0.06347868010837648,0.17928178905436293,0.18472872364045279,0.08554707398816642,0.10648557593592847,-0.04820210181787765
сортавальский,0.04072421321689121,0.18068054741999043,0.03580808349752383,0.3863315405506151,0.05070344533787742,10.574489238428223,0.14354925533823792,0.5107663811067376,0.30631750718781564,0.12010498687664037,0.07622750700786689,0.09590736500550448,0.22372977729163418,0.21672478730661532,0.08340257777467339,0.15132486739284018,-0.008594810106481887
сосновая поляна,0.05485469499167542,0.13306644658334943,0.07659506813293604,0.33424081973890113,0.07826891608966251,10.75042820627549,0.17121824700587368,0.5124977156896589,0.2533103387799247,0.12564748915587262,0.18788634638325563,0.0742504209276607,0.1898886742583184,0.09701402942926186,0.07523675145343076,0.10597481114624463,-0.013758816171427934
сосновоборский,0.05903523374244007,0.1699828608577451,0.05004087783928607,0.38714391954453226,0.06325353125430941,10.429448063886388,0.14363744782349439,0.44043905136525346,0.24234272788408645,0.10465112193956609,0.12448014709101253,0.07610955818326122,0.17280871393790825,0.11981663457052688,0.0746100938931496,0.09984264529866418,0.46545294986645125
сосновское,0.06078894052332321,0.1278003845637884,0.08094758168540755,0.31848451597590804,0.0696738087293916,10.788373612933189,0.1388754631867246,0.45303089558075854,0.18104940904870645,0.12040247097332393,0.138045340899514,0.07695931586060384,0.1758803746634627,0.07675528377769486,0.07498897792164999,0.09238099922506283,0.05807980803831736
сосногорск,0.03831873670295169,0.15574071013983848,0.03529010802883523,0.43999803771714213,0.03613440604796232,10.382089526506261,0.0683896047800735,0.7416625761556894,0.027205771832256195,0.06471525413139242,0.11018562589243218,0.07808964249899075,0.18305408754927696,0.13337095042979616,0.06506473119107305,0.1541871828543802,-0.4721200321521132
старорусский,0.05409182003713986,0.16073103017154203,0.03407245337598902,0.4274424362769433,0.046483051107147885,10.210806797420718,0.14929357380037755,0.44591465431690375,0.2112200435729848,0.09177076484768798,0.06636203866432325,0.09626770394635308,0.2093159327048359,0.12325370560812142,0.08567236668339229,0.12452167172917648,0.057340546615245014
струго-красненский,0.041658443418749,0.17818239694413496,0.03272958777653987,0.4785038994111093,0.04635046952092949,10.172757405626463,0.10002521644111957,0.47127161856699795,0.21940227703984833,0.08711562382481419,0.09935824839562106,0.08779871306215878,0.210019503325671,0.20084138192534495,0.0728474951889394,0.14049700360919382,0.07403574652081335
суоярвский,0.036551888846742805,0.18579396187184782,0.015388938059313581,0.47366010592714347,0.03467779323133982,10.297546186795982,0.028054370159633246,0.4996711496155854,0.010330197380557135,0.056736477210754296,-0.039906651108518085,0.06076838298010914,0.19427066245462243,0.21136519679880272,0.07234873789022628,0.10926081194637309,0.003694585483361712
сыктывдинский,0.037759227341683674,0.1395836477288071,0.035156694704124074,0.45472043292587677,0.05504766897267473,10.35700445704923,0.06353467561521253,0.6114065651934715,0.18414481897627957,0.07298727423798478,0.055217214778725175,0.08967193176137112,0.21197667890991373,0.1362966031235205,0.06496884632361452,0.09092930071765609,-0.04935772071537414
сыктывкар,0.04752753792551235,0.1265121513125149,0.050544266268475836,0.3967776840009522,0.06082797723387219,10.55863427512851,0.141772809981804,0.5472976549679742,0.1621056821574286,0.10035048551846647,0.10814113936526717,0.07673147020373451,0.18083688935752829,0.10756466172055604,0.07930113013787198,0.10137392152507455,0.0167177145754136
сысольский,0.03793526989227705,0.13410492924552644,0.016163604022666204,0.5651722156661037,0.046564115973342785,10.095020030473613,0.0042808998998088085,0.6214484795540579,-0.06246258231889838,0.05128123080073725,-0.06854783207157605,0.09428395729417309,0.2303598748316345,0.1585694038479686,0.0785489939631401,0.1058547455280029,0.030697565383276004
сямженский,0.037360400850960276,0.14604218668770716,0.01036416528096806,0.5425056134619851,0.05497690092654384,10.025834232980559,-0.04863393108628306,0.5131604079917487,0.20230966638152262,0.046976618423486834,-0.05924290220820189,0.14133515093439641,0.21637748605016055,0.21973053333974343,0.07252100927744183,0.1991357309020151,0.004398834072483482
тарногский,0.042820512820512815,0.14333666333666334,0.015214785214785215,0.4996370296370296,0.06397602397602398,10.127670563425001,0.13235294117647045,0.4503184069544122,0.3099197247706421,0.08207066154145712,0.07377598926894702,0.10093471413239748,0.18040757226500848,0.38098445071736237,0.08141084144019556,0.11077154134645159,0.0027894020875786074
терский,0.048643945928250144,0.22705142137905981,0.019667754419900655,0.3955241171783791,0.05517644473610648,10.235466076585574,0.11251282051282051,0.2562049772146455,0.27787490287490296,0.030102118282793223,0.05795522944194446,0.06777434169463754,0.16690245244388144,0.23403247769064334,0.07743263159290299,0.10066294081040433,0.05098911187569943
тихвинский,0.04781443586792103,0.16128847707337388,0.04221465006487696,0.39442675997354576,0.05068870271247491,10.502765805854796,0.2106147517237384,0.6224304228724015,0.34531796966161016,0.12605267112234836,0.16621913336492386,0.08414007624108905,0.19130991323942392,0.1123150234486121,0.07611560715515989,0.12495325420588571,-0.5201216888962631
тосненский,0.04914259709715354,0.16332739984213154,0.05835293264816276,0.3742690529503681,0.06395283277220226,10.630689884085887,0.17309171313208993,0.42718139109320297,0.20595089471493958,0.13149932731467676,0.17891610987379356,0.08192127119384814,0.1700858394410552,0.08567596737443679,0.07830394551499267,0.09436838696593523,0.02744351604239892
тотемский,0.03629029722643158,0.16197174242471876,0.02918817633632425,0.46182020536101664,0.041704131742927746,10.185170415663514,0.09682630178639297,0.4983422522103303,0.48022959183673475,0.06599467340111327,-0.005920263788968757,0.08889310194059176,0.18618268070747224,0.4309191024027978,0.06702165996196019,0.14465529752665085,0.0025000013020845535
троицко-печорский,0.040113921064162054,0.1771506252176746,0.011936995135323394,0.4763563235178465,0.0385185767731353,10.297914182417896,0.13891547049441794,0.5267234701781566,0.016989710457047193,0.07638800741286081,0.04257260149004091,0.07271881885983787,0.15778925039534236,0.311789832505775,0.07882646725118563,0.15721614053068111,0.025562312037803125
удорский,0.037624096996324616,0.15992283103093802,0.017554532268739525,0.48556461492966074,0.04368214270626505,10.295183296558294,0.13442595108695649,0.7435747842908468,0.014981273408239626,0.06739680908364852,0.07903158480589961,0.08578143480544784,0.19382084120931536,0.2114453587670074,0.07885501858529353,0.131162498817087,0.10049975466305708
ульянка,0.05631971763944469,0.12914684141112548,0.0780856375783368,0.3373407159480658,0.07469347285797873,10.69861015076916,0.15843040130025943,0.5069702092160435,0.21691198029672198,0.11030404359403055,0.13340755966655243,0.0868927401269769,0.18264289366270522,0.08117461181076538,0.0754529635060573,0.09252589413623655,-0.07149467034323709
урицк,0.057154238811224445,0.13630897788647714,0.07138397116996933,0.3399534939736713,0.07297184625218865,10.713912085360604,0.16964319569256445,0.491797627496705,0.23010855683269482,0.12084595836184146,0.1393525616917869,0.0871438727632745,0.19015973818417772,0.08137846834911686,0.07881757082895065,0.08848464701248826,-0.06670968976857106
усвятский,0.04364402340651611,0.2188599051168081,0.005795507265897425,0.50428770259956,0.05302009907361679,10.011175357953045,0.1658471256096587,0.6555721595797673,0.03515102913659455,0.12229094433508854,-0.11561696497665934,0.1179999171395635,0.16227697850603348,0.6101208815494993,0.0809384730671501,0.09422936314856634,-0.04940186200978175
усинск,0.04415654914542899,0.1467030451814672,0.046803916564377414,0.38961267819598216,0.03981178777309206,10.624796929469538,0.10907610907610912,0.5350232075111798,0.13878074022965836,0.08225305516170414,0.0467593332268201,0.058220099636494604,0.161703455374156,0.18665862275055595,0.07124437384829767,0.142388206844487,0.012687983233458322
усть-вымский,0.03377877603208998,0.16617539730584488,0.02187515912035439,0.4726426142696305,0.031798611621867805,10.290783032612069,0.06568496207050428,0.5725452403897633,0.06750414135836555,0.07157424866279294,-0.04801829268292683,0.0709942463569171,0.14957786192740033,0.1480808437995265,0.06492285706522112,0.10227338899484029,-0.029938087644305833
усть-кубинский,0.037215260847501534,0.1764131827263275,0.013772520963970008,0.5090403239257185,0.051995613801620336,10.06406397158151,0.007203227045716481,0.4982068050993039,0.15300059417706482,0.03898248612942012,0.003492911444421615,0.10432203078313466,0.2073378587390172,0.32442405322695245,0.06571704099537547,0.11172534087927907,0.07643555504941718
усть-куломский,0.03849883936292754,0.156467181805132,0.015174060549193158,0.4609077127221929,0.05138313627594803,10.077549397186523,0.06829884387447785,0.7994040908358835,-0.009144947416552304,0.04041729234173726,-0.023422943838168692,0.09742550110868907,0.22655376257558896,0.12742937587494885,0.07590763724276624,0.100399375255594,0.0005386480065598942
усть-цилемский,0.03878984460935902,0.12111338091016637,0.018791564253926273,0.48852137251355704,0.06041585749483366,10.243794688427252,0.04714262846166152,0.5270654205607478,0.3479370480646533,0.0610956910375383,0.10558298518799837,0.19361078267220602,0.2328086662893422,0.2375921778428457,0.08030623740874182,0.20611059500367884,0.017878902940207553
устьянский,0.037444984676360114,0.1757609973039611,0.030869069290503953,0.47095997419176444,0.05040094937438072,10.272715049171063,0.11406290170537317,0.40576404727348125,0.3436559679037113,0.07848582189476744,0.10008801710046529,0.10599609236963943,0.18229041891946796,0.10887522183251823,0.08089950474289914,0.12071893557916841,-0.14956045928514883
устюженский,0.0341692124221979,0.1783967457892931,0.027749007563752797,0.48435463055233363,0.04762387074641008,10.146685333478924,0.15163528245787908,0.4917898418076007,0.32310328711637337,0.08394021818607231,0.011870878167303018,0.09374191983642342,0.2394216696151533,0.3705120462356268,0.07844913274861327,0.10100172017174502,0.0012755103770117904
ухта,0.045481663598745656,0.130149914119443,0.0513202675991448,0.3985516015821555,0.04763451612834738,10.577738569837203,0.1256962690488703,0.6295223158510329,0.17419605557174775,0.09648308129041303,0.08198302469135807,0.0663134857733553,0.17805895095972318,0.13801543566628663,0.0762966221545448,0.10877322279438921,-0.008043407589197527
финляндский,0.05729196035382519,0.1330373269936318,0.08294119466024451,0.32008520034996896,0.07361899582183595,10.732357732811048,0.13596855051033283,0.4333111233048524,0.18056130903065462,0.1196933061847799,0.12306454298240752,0.07856732782866258,0.1768381892249387,0.07810036793881384,0.07341348998590501,0.07376069394728063,0.10144510900616477
харовский,0.03350229972852953,0.13035211803178948,0.008894708475103083,0.5490647329768836,0.03841257559675558,10.134728233437793,0.19593956562795095,0.5595379381280163,-0.05414908579465545,0.08236429055639569,0.05388732649913816,0.13401611169497685,0.1892838109399778,0.17406187395724051,0.08152621243696039,0.1535916641397012,0.023167059281534397
хвойнинский,0.044732190206823404,0.19437864592540216,0.015547109775499382,0.5036591833127099,0.042575570090153794,10.250122261580445,0.04486958915422194,0.4254602022297122,0.12828736369467608,0.02854254909510979,-0.05382046749165194,0.08294308233547419,0.18328644416060988,0.21595427629389788,0.08401511129083832,0.05259092431806084,0.03898379991626144
холмогорский,0.03450436002806455,0.1837547788484944,0.014136084422743738,0.5406327410186286,0.03420724809919959,10.055378538319653,-0.06208037364989779,0.3936308845088777,-0.1294091710758378,0.04313321914023644,-0.17084598698481554,0.07437792994754014,0.20734967051037922,0.17927069364558856,0.06645622479644342,0.10966053026058142,0.008381001438230562
холмский,0.04004226246992726,0.12980860526710308,0.022172091064200403,0.4751144013649636,0.04717976541473618,10.281365898763445,-0.033364353910316,0.4166445922994219,-0.1447846679149687,0.012136033068408903,-0.08075778229059459,0.0884496307433661,0.11111235549409956,0.13874551337635063,0.07625514920985764,0.06450379333896593,-0.0015128595926303667
чагодощенский,0.03675556092096656,0.17721391051430274,0.01934636192379931,0.39837895960313424,0.047454876737480736,10.298349422248931,0.13498049414824448,0.3748175897893843,0.07705532979055962,0.12917575159549918,0.049093843098311704,0.11228199804168043,0.2020299224999618,0.17303980448836936,0.07956005495712029,0.13480770555140129,0.08314753899362715
череповецкий,0.04022074866766603,0.12800008535472893,0.04225592548532166,0.44829370562220927,0.07508015342512522,10.34955596458684,0.1691866325502054,0.7153887399463807,0.3019395134779751,0.07577978480307744,0.12497502098237465,0.08489483986639135,0.20989057988481458,0.10933670026614474,0.06463352047881568,0.09037847343682776,-0.08070136075185164
черняховский,0.05011751235386284,0.12567192961311316,0.044199710738821264,0.42516572255031937,0.054447390623116786,10.227658243983893,0.15194958099591377,0.8795006984813662,0.1754006410256411,0.11237770892951457,0.12768347478781827,0.0785966208306421,0.27922727444676315,0.1157634450793378,0.07329113149467568,0.08222219296701304,-0.03551315557002288
чкаловское,0.0662572406845899,0.11057914101434675,0.10112754348202514,0.23943710036413546,0.07520958961765141,11.096400673404773,0.1971773088517402,0.5417107210826814,0.24395211442786063,0.13474497589026316,0.18713216957605994,0.09707097094814741,0.18735294098395186,0.08987045106210967,0.08097214812971976,0.0958410304256995,0.19116606743873876
чудовский,0.044495031959297174,0.2053531126182104,0.02582378083779612,0.4363015263559714,0.03854898660885944,10.305909144956635,0.09085320035521545,0.49623403780173386,0.21611337094869437,0.08618082435038364,0.1381210924646266,0.07255482923278717,0.17961909948948562,0.16889888992588437,0.07405626316669581,0.13430561142226277,0.004200426217873199
шекснинский,0.03585843132112311,0.1549970130116128,0.03161836487884483,0.46402646034590783,0.04339147032682024,10.261065838338713,0.1446511627906977,0.5193098720292503,0.18891080429541962,0.07306373028013828,-0.02033028488716363,0.09872275658750003,0.23225182367390002,0.0993791169263192,0.06800778463991647,0.12259585444767346,0.02015051388866007
шенкурский,0.042943680629686315,0.17125384229547413,0.016031535760678044,0.4897946059959101,0.043673556004269934,10.162718708813895,0.0209448096621311,0.45234913969405277,0.19054441260744986,0.09349068251643845,-0.023508267433501078,0.0885242515123997,0.16965177229319556,0.23451300258099594,0.08260655082623676,0.15982946410469662,0.02330768291947466
шимский,0.04329809404198352,0.197979491284486,0.02001531943083484,0.47496101135846086,0.04367417916833432,10.092177675780958,0.024157349220599,0.7960997902776474,0.1733414239482201,0.02744439468577394,-0.027654017514211093,0.11220048659212538,0.29737081462892756,0.2272120811098914,0.07123400644903194,0.12088539351504154,-0.011220314067492854
шувалово-озерки,0.06050486453530728,0.1272391587772613,0.0784646358875086,0.31570308853643714,0.0704406068570228,10.786984739358143,0.1233652032104371,0.4557725275374885,0.1987948636985581,0.11035259768973109,0.12634941617096282,0.07380621757614718,0.1758853644071314,0.07633862241195735,0.07329762453952923,0.0762443319310567,0.058870743025460914
юго-запад,0.056999483038308645,0.1279391054780113,0.07562258231277964,0.3296432964329643,0.07281138028771592,10.752537448640583,0.14951826287029055,0.48860265903387046,0.19944582673603245,0.11692296541476904,0.13332408435072135,0.08429287102494995,0.18040083270686677,0.08399855243582031,0.07886100287084244,0.10244899022534977,-0.023405151997957008
южно-приморский,0.05873623914213986,0.12688694851152443,0.080813617816297,0.30591270896718153,0.07377993006856913,10.84709509306074,0.1491987942249723,0.4616189355302734,0.20534094482475018,0.11833968707571715,0.13237087741132555,0.0745224513903781,0.17917949608372932,0.07691056637011977,0.07959949978992947,0.0896057653864953,-0.009869976938773117
юнтолово,0.05822043147788692,0.12887640596304792,0.08497375971348091,0.30597383160467684,0.07615565097477926,10.839659340003433,0.15872138397502603,0.4820375032881138,0.20940886470396733,0.13111258758154154,0.1708701768488745,0.07258697385197342,0.17348508634329043,0.08681922675187431,0.08012323212494761,0.09544991028661876,0.06050432106440984
янтарный,0.03923757899824414,0.15400145607605853,0.046808562706099004,0.36931717374413436,0.06186487858895217,10.212558004118716,0.059382226627023534,0.6664981462756993,0.20381336537361264,0.06911974960392601,-0.006874877234335146,0.2028531015264707,0.34266280394787263,0.2561456868182666,0.0885285635658803,0.16465404287785915,-0.06161665258460758
№ 15,0.05675249221126776,0.12980915317901087,0.07542348371413614,0.33501067175298643,0.07387855069174194,10.726042531212347,0.1335600160871631,0.49818312418134947,0.2382125792589475,0.12104302445239379,0.15794003729737482,0.07357103191721012,0.18943705142941997,0.08745597614718116,0.07938257528857177,0.09507905798326796,0.06417955597897684
№ 21,0.059145711521397304,0.1290688754826167,0.08037446864335288,0.3285638019718274,0.06968811892914213,10.730661055306074,0.13982232522209354,0.47141788874579355,0.20196185286103535,0.12342148708843406,0.11034662950705452,0.07969312211761238,0.17752696367328405,0.07482119802881777,0.07208397314617904,0.08103960408138607,0.007845689111946719
№ 54,0.05502326954404814,0.1311677047154993,0.07659998615125022,0.33077556643208833,0.07453360690688174,10.730579061284303,0.19607066465974807,0.4919065680117722,0.24050520848703055,0.13599384207166737,0.16059926793973284,0.08285751845482492,0.17889136846179507,0.08447661196116124,0.0731829609615438,0.09622337149303617,0.042195845771641594
№ 65,0.059803244466250606,0.12356285020516201,0.08619304917950817,0.2987224640693019,0.07292548852936488,10.88430743050391,0.15041029186329616,0.464082055839443,0.20398987253361264,0.11535252763921702,0.14249694002447985,0.07147100674945188,0.17655587792864225,0.08480083505369602,0.07752727938262967,0.09371485009454818,0.10724553035359774
№ 7,0.06094931417571243,0.1136020560487742,0.09517937651728259,0.29294506536566406,0.06838138096378962,10.814573094215488,0.14561486380097627,0.43162384139518195,0.1773849246647739,0.11015803074266185,0.1364016037420648,0.06798910438904815,0.1731995270640739,0.075416104052797,0.0736473700264565,0.08024316753926612,0.15197586926590612
№ 72,0.05749217330303403,0.12690443407103916,0.0752706227401462,0.3293127059288862,0.07262689697118954,10.706979058914694,0.12834126693518844,0.5072460556638895,0.2370147789292941,0.11994695532445439,0.1536318643866876,0.07978888763034181,0.19198303947292156,0.08281805860188765,0.07567156060938854,0.09815804372333867,0.05416389473638472
№ 78,0.05873416218124353,0.10795367381310178,0.09370149268503504,0.2748262603035517,0.06654811843166623,10.830116328871693,0.14466662380248185,0.4967523556856648,0.27551982754749194,0.10653870421412678,0.19128894138491057,0.08574042017033913,0.19126147414696598,0.11955057809242674,0.07340176500905828,0.11249070007771475,0.18464309004787527
