period,gdelt_vol,news_intensity,news_intensity_lag1,geo_note
2023-01-01,136.8815,2.463896385209618,,russia_wide — SZFO geo weak; Russia-wide intensity (honest)
2023-02-01,139.68019999999999,2.628355267815589,2.463896385209618,russia_wide — SZFO geo weak; Russia-wide intensity (honest)
2023-03-01,130.8435,2.109087819384468,2.628355267815589,russia_wide — SZFO geo weak; Russia-wide intensity (honest)
2023-04-01,107.5382,0.7396078476844186,2.109087819384468,russia_wide — SZFO geo weak; Russia-wide intensity (honest)
2023-05-01,85.0064,-0.5844192545777783,0.7396078476844186,russia_wide — SZFO geo weak; Russia-wide intensity (honest)
2023-06-01,87.928,-0.41273844869590337,-0.5844192545777783,russia_wide — SZFO geo weak; Russia-wide intensity (honest)
2023-07-01,88.4488,-0.3821348877350319,-0.41273844869590337,russia_wide — SZFO geo weak; Russia-wide intensity (honest)
2023-08-01,88.5272,-0.3775279000635037,-0.3821348877350319,russia_wide — SZFO geo weak; Russia-wide intensity (honest)
2023-09-01,83.6869,-0.6619565024423508,-0.3775279000635037,russia_wide — SZFO geo weak; Russia-wide intensity (honest)
2023-10-01,86.6486,-0.4879193163866448,-0.6619565024423508,russia_wide — SZFO geo weak; Russia-wide intensity (honest)
2023-11-01,84.8005,-0.5965184734753269,-0.4879193163866448,russia_wide — SZFO geo weak; Russia-wide intensity (honest)
2023-12-01,92.3837,-0.15090994145060208,-0.5965184734753269,russia_wide — SZFO geo weak; Russia-wide intensity (honest)
2024-01-01,79.777,-0.891712383780502,-0.15090994145060208,russia_wide — SZFO geo weak; Russia-wide intensity (honest)
2024-02-01,81.3179,-0.8011650967516889,-0.891712383780502,russia_wide — SZFO geo weak; Russia-wide intensity (honest)
2024-03-01,87.57169999999999,-0.4336755623102629,-0.8011650967516889,russia_wide — SZFO geo weak; Russia-wide intensity (honest)
2024-04-01,84.742,-0.5999560854496181,-0.4336755623102629,russia_wide — SZFO geo weak; Russia-wide intensity (honest)
2024-05-01,85.9264,-0.5303576645547343,-0.5999560854496181,russia_wide — SZFO geo weak; Russia-wide intensity (honest)
2024-06-01,85.5662,-0.5515239523007134,-0.5303576645547343,russia_wide — SZFO geo weak; Russia-wide intensity (honest)
2024-07-01,91.749,-0.1882065623067178,-0.5515239523007134,russia_wide — SZFO geo weak; Russia-wide intensity (honest)
2024-08-01,91.0837,-0.22730131865707784,-0.1882065623067178,russia_wide — SZFO geo weak; Russia-wide intensity (honest)
2024-09-01,89.2624,-0.3343256381233491,-0.22730131865707784,russia_wide — SZFO geo weak; Russia-wide intensity (honest)
2024-10-01,91.7952,-0.18549173028599544,-0.3343256381233491,russia_wide — SZFO geo weak; Russia-wide intensity (honest)
2024-11-01,92.6773,-0.13365724272150906,-0.18549173028599544,russia_wide — SZFO geo weak; Russia-wide intensity (honest)
2024-12-01,105.0016,0.5905506419752299,-0.13365724272150906,russia_wide — SZFO geo weak; Russia-wide intensity (honest)
