year_month,n_sample_days_ok,event_count_russia,event_count_nwfd,mentions_sum,avg_tone,avg_goldstein,tone_volume,geo_scope_note,event_count_russia_z,tone_volume_z,mentions_sum_z,news_intensity,geo_scope,news_intensity_nwfd
2023-01,4,92,0,356.0,-1.6260384197004902,-1.3619565217391305,972.0368159858868,russia_wide_primary_nwfd_sparse,-1.0525948800815854,-1.3819775138594639,-0.966543463962394,-1.7435836370113174,russia_wide,-0.887136501777147
2023-02,4,156,4,570.0,-3.265514514440955,0.45897435897435895,2009.5570786400904,russia_wide_primary_nwfd_sparse,-0.15835498195917666,-0.24698919966536081,-0.06740069437158501,-0.28184958179185704,russia_wide,0.12673378596816387
2023-03,3,125,9,411.0,-3.816524207064142,-3.0968,1678.1354929729143,russia_wide_primary_nwfd_sparse,-0.5915024326122184,-0.6095456145556359,-0.7354553689741019,-0.8962752398900363,russia_wide,1.3940716456498023
2023-04,4,132,3,525.0,-4.677867165647087,-1.5780303030303031,2627.5106429150055,russia_wide_primary_nwfd_sparse,-0.4936949437550799,0.4290169463470219,-0.2564727720892785,-0.2791864705815689,russia_wide,-0.12673378596816387
2023-05,4,233,2,727.0,-2.582164323861893,-0.9781115879828328,2228.3602006494834,russia_wide_primary_nwfd_sparse,0.9175273954693463,-0.007630995754680297,0.5922507767768123,0.9137118975920061,russia_wide,-0.38020135790449155
2023-06,4,247,5,787.0,-3.0484071358431915,-1.1412955465587047,2593.312984097913,russia_wide_primary_nwfd_sparse,1.1131423731836232,0.3916066474571456,0.8443468804004035,1.308945696912196,russia_wide,0.38020135790449155
2023-07,4,88,4,285.0,-3.219651008211001,1.0772727272727272,1046.3794262368212,russia_wide_primary_nwfd_sparse,-1.1084848737142359,-1.300650915316087,-1.2648571865836438,-1.7588103313722794,russia_wide,0.12673378596816387
2023-08,4,217,2,692.0,-3.683992450576355,-1.2447004608294931,3090.0449687790606,russia_wide_primary_nwfd_sparse,0.6939674209387441,0.9350032616661648,0.4451947163297173,1.1614690517718265,russia_wide,-0.38020135790449155
2023-09,4,185,2,576.0,-3.394809847110785,-0.9935135135135136,2219.7298388384647,russia_wide_primary_nwfd_sparse,0.24684747187753975,-0.017072122020219065,-0.04219108400922589,0.2383114108674302,russia_wide,-0.38020135790449155
2023-10,4,98,0,347.0,-3.884143644111937,-0.36122448979591837,1425.3719681994285,russia_wide_primary_nwfd_sparse,-0.9687598896326095,-0.8860545726925181,-1.0043578795059327,-1.4117871759788685,russia_wide,-0.887136501777147
2023-11,4,114,1,464.0,-3.9557302230133993,-0.987719298245614,2329.7688790539246,russia_wide_primary_nwfd_sparse,-0.7451999151020073,0.10330434603080313,-0.5127704774399297,-0.6935477420866057,russia_wide,-0.6336689298408192
2023-12,4,235,0,804.0,-4.370090247398027,0.2127659574468085,3963.3996122873214,russia_wide_primary_nwfd_sparse,0.9454723922856715,1.8904037007797156,0.9157741097604211,1.8906742426755292,russia_wide,-0.887136501777147
2024-01,4,138,2,483.0,-3.7910327034706754,-1.4079710144927537,2300.426813062052,russia_wide_primary_nwfd_sparse,-0.4098599533061041,0.07120579025909093,-0.4329400446257924,-0.37425705817655863,russia_wide,-0.38020135790449155
2024-02,4,346,13,1202.0,-2.3874975202631283,0.3456647398843931,4050.4241777824195,russia_wide_primary_nwfd_sparse,2.496419715591724,1.9856036389785858,2.5880115971302433,3.489221535081017,russia_wide,2.4079419333951133
2024-03,4,267,0,950.0,-3.69894412431769,-0.2887640449438202,4039.9205540787216,russia_wide_primary_nwfd_sparse,1.392592341346876,1.9741132704628988,1.5292079619111598,2.3796489765783253,russia_wide,-0.887136501777147
2024-04,4,115,2,347.0,-3.6709220009517924,-1.9286956521739131,1388.075342258036,russia_wide_primary_nwfd_sparse,-0.7312274166938447,-0.926854965828028,-1.0043578795059327,-1.1946548996078588,russia_wide,-0.38020135790449155
2024-05,4,153,2,572.0,-2.9822670683280927,-0.2581699346405229,1960.1163194468427,russia_wide_primary_nwfd_sparse,-0.20027247718366456,-0.3010745857046341,-0.058997490917465305,-0.35080977003598157,russia_wide,-0.38020135790449155
2024-06,4,58,0,234.0,-3.0735706272952017,0.8275862068965517,923.9152527361662,russia_wide_primary_nwfd_sparse,-1.527659825959115,-1.4346197743676703,-1.4791388746636962,-2.2449697131429502,russia_wide,-0.887136501777147
2024-07,4,211,9,780.0,-2.623440178885357,-1.2033175355450236,2397.163937566217,russia_wide_primary_nwfd_sparse,0.6101324304897683,0.17703071707072385,0.8149356683109845,0.6986477890251303,russia_wide,1.3940716456498023
2024-08,4,251,13,854.0,-3.3588226156508663,-0.12509960159362554,3017.1315507200256,russia_wide_primary_nwfd_sparse,1.1690323668162736,0.8552401183100569,1.1258541961134139,1.596652425971302,russia_wide,2.4079419333951133
2024-09,4,118,0,400.0,-2.04919623148709,-0.47627118644067795,1448.5276305388263,russia_wide_primary_nwfd_sparse,-0.6893099214693568,-0.8607235915939827,-0.7816729879717603,-1.1196717172663482,russia_wide,-0.887136501777147
2024-10,4,117,6,341.0,-3.5448326678369795,-1.4923076923076923,1327.9136347104256,russia_wide_primary_nwfd_sparse,-0.7032824198775194,-0.9926684612231141,-1.0295674898682918,-1.1996166504890764,russia_wide,0.6336689298408192
2024-11,4,212,0,744.0,-1.482483344484543,-0.9499999999999998,2419.3933048059157,russia_wide_primary_nwfd_sparse,0.6241049288979309,0.2013483838741105,0.6636780061368297,0.7247791208349862,russia_wide,-0.887136501777147
2024-12,4,108,5,614.0,-2.917013573296172,0.35740740740740734,2191.4446550115426,russia_wide_primary_nwfd_sparse,-0.8290349055509831,-0.04801450865492557,0.1174697816190486,-0.8530421598784459,russia_wide,0.38020135790449155
