region,year_month,query,interest
АрхОбл,2023-01,доставка,49.0
АрхОбл,2023-01,ипотека,20.4
АрхОбл,2023-01,кредит,47.8
АрхОбл,2023-01,купить онлайн,13.8
АрхОбл,2023-01,распродажа,0.0
АрхОбл,2023-01,скидки,0.0
АрхОбл,2023-02,доставка,48.0
АрхОбл,2023-02,ипотека,14.5
АрхОбл,2023-02,кредит,58.5
АрхОбл,2023-02,купить онлайн,33.0
АрхОбл,2023-02,распродажа,0.0
АрхОбл,2023-02,скидки,21.75
АрхОбл,2023-03,доставка,50.75
АрхОбл,2023-03,ипотека,18.0
АрхОбл,2023-03,кредит,54.5
АрхОбл,2023-03,купить онлайн,17.25
АрхОбл,2023-03,распродажа,0.0
АрхОбл,2023-03,скидки,0.0
АрхОбл,2023-04,доставка,43.4
АрхОбл,2023-04,ипотека,15.2
АрхОбл,2023-04,кредит,61.6
АрхОбл,2023-04,купить онлайн,42.8
АрхОбл,2023-04,распродажа,0.0
АрхОбл,2023-04,скидки,21.0
АрхОбл,2023-05,доставка,44.5
АрхОбл,2023-05,ипотека,16.5
АрхОбл,2023-05,кредит,55.5
АрхОбл,2023-05,купить онлайн,18.0
АрхОбл,2023-05,распродажа,0.0
АрхОбл,2023-05,скидки,0.0
АрхОбл,2023-06,доставка,49.0
АрхОбл,2023-06,ипотека,23.25
АрхОбл,2023-06,кредит,63.75
АрхОбл,2023-06,купить онлайн,14.5
АрхОбл,2023-06,распродажа,0.0
АрхОбл,2023-06,скидки,0.0
АрхОбл,2023-07,доставка,53.8
АрхОбл,2023-07,ипотека,30.8
АрхОбл,2023-07,кредит,50.6
АрхОбл,2023-07,купить онлайн,0.0
АрхОбл,2023-07,распродажа,17.2
АрхОбл,2023-07,скидки,0.0
АрхОбл,2023-08,доставка,53.25
АрхОбл,2023-08,ипотека,47.25
АрхОбл,2023-08,кредит,68.0
АрхОбл,2023-08,купить онлайн,0.0
АрхОбл,2023-08,распродажа,0.0
АрхОбл,2023-08,скидки,0.0
АрхОбл,2023-09,доставка,53.25
АрхОбл,2023-09,ипотека,43.5
АрхОбл,2023-09,кредит,50.25
АрхОбл,2023-09,купить онлайн,0.0
АрхОбл,2023-09,распродажа,0.0
АрхОбл,2023-09,скидки,0.0
АрхОбл,2023-10,доставка,51.2
АрхОбл,2023-10,ипотека,64.4
АрхОбл,2023-10,кредит,58.2
АрхОбл,2023-10,купить онлайн,10.2
АрхОбл,2023-10,распродажа,0.0
АрхОбл,2023-10,скидки,21.4
АрхОбл,2023-11,доставка,59.0
АрхОбл,2023-11,ипотека,59.0
АрхОбл,2023-11,кредит,55.25
АрхОбл,2023-11,купить онлайн,0.0
АрхОбл,2023-11,распродажа,0.0
АрхОбл,2023-11,скидки,24.75
АрхОбл,2023-12,доставка,62.6
АрхОбл,2023-12,ипотека,58.8
АрхОбл,2023-12,кредит,53.2
АрхОбл,2023-12,купить онлайн,16.2
АрхОбл,2023-12,распродажа,0.0
АрхОбл,2023-12,скидки,15.8
АрхОбл,2024-01,доставка,53.25
АрхОбл,2024-01,ипотека,57.25
АрхОбл,2024-01,кредит,55.25
АрхОбл,2024-01,купить онлайн,0.0
АрхОбл,2024-01,распродажа,0.0
АрхОбл,2024-01,скидки,0.0
АрхОбл,2024-02,доставка,54.25
АрхОбл,2024-02,ипотека,45.0
АрхОбл,2024-02,кредит,68.5
АрхОбл,2024-02,купить онлайн,0.0
АрхОбл,2024-02,распродажа,0.0
АрхОбл,2024-02,скидки,15.0
АрхОбл,2024-03,доставка,54.4
АрхОбл,2024-03,ипотека,41.0
АрхОбл,2024-03,кредит,53.4
АрхОбл,2024-03,купить онлайн,12.8
АрхОбл,2024-03,распродажа,0.0
АрхОбл,2024-03,скидки,25.4
АрхОбл,2024-04,доставка,47.75
АрхОбл,2024-04,ипотека,31.75
АрхОбл,2024-04,кредит,56.5
АрхОбл,2024-04,купить онлайн,18.75
АрхОбл,2024-04,распродажа,0.0
АрхОбл,2024-04,скидки,0.0
АрхОбл,2024-05,доставка,53.5
АрхОбл,2024-05,ипотека,38.5
АрхОбл,2024-05,кредит,73.5
АрхОбл,2024-05,купить онлайн,18.25
АрхОбл,2024-05,распродажа,0.0
АрхОбл,2024-05,скидки,0.0
АрхОбл,2024-06,доставка,53.4
АрхОбл,2024-06,ипотека,40.6
АрхОбл,2024-06,кредит,63.8
АрхОбл,2024-06,купить онлайн,0.0
АрхОбл,2024-06,распродажа,20.0
АрхОбл,2024-06,скидки,15.6
АрхОбл,2024-07,доставка,53.0
АрхОбл,2024-07,ипотека,57.75
АрхОбл,2024-07,кредит,69.75
АрхОбл,2024-07,купить онлайн,0.0
АрхОбл,2024-07,распродажа,0.0
АрхОбл,2024-07,скидки,0.0
АрхОбл,2024-08,доставка,55.25
АрхОбл,2024-08,ипотека,53.75
АрхОбл,2024-08,кредит,51.0
АрхОбл,2024-08,купить онлайн,0.0
АрхОбл,2024-08,распродажа,0.0
АрхОбл,2024-08,скидки,0.0
АрхОбл,2024-09,доставка,55.4
АрхОбл,2024-09,ипотека,56.6
АрхОбл,2024-09,кредит,52.4
АрхОбл,2024-09,купить онлайн,0.0
АрхОбл,2024-09,распродажа,0.0
АрхОбл,2024-09,скидки,0.0
АрхОбл,2024-10,доставка,40.75
АрхОбл,2024-10,ипотека,54.0
АрхОбл,2024-10,кредит,61.5
АрхОбл,2024-10,купить онлайн,0.0
АрхОбл,2024-10,распродажа,0.0
АрхОбл,2024-10,скидки,0.0
АрхОбл,2024-11,доставка,53.75
АрхОбл,2024-11,ипотека,44.5
АрхОбл,2024-11,кредит,56.25
АрхОбл,2024-11,купить онлайн,0.0
АрхОбл,2024-11,распродажа,0.0
АрхОбл,2024-11,скидки,14.75
АрхОбл,2024-12,доставка,55.0
АрхОбл,2024-12,ипотека,38.0
АрхОбл,2024-12,кредит,44.4
АрхОбл,2024-12,купить онлайн,0.0
АрхОбл,2024-12,распродажа,17.6
АрхОбл,2024-12,скидки,20.0
ВолОбл,2023-01,доставка,67.2
ВолОбл,2023-01,ипотека,50.4
ВолОбл,2023-01,кредит,55.6
ВолОбл,2023-01,купить онлайн,55.6
ВолОбл,2023-01,маркетплейс,0.0
ВолОбл,2023-01,распродажа,0.0
ВолОбл,2023-01,скидки,12.0
ВолОбл,2023-02,доставка,70.75
ВолОбл,2023-02,ипотека,40.0
ВолОбл,2023-02,кредит,79.5
ВолОбл,2023-02,купить онлайн,49.0
ВолОбл,2023-02,маркетплейс,0.0
ВолОбл,2023-02,распродажа,13.5
ВолОбл,2023-02,скидки,25.0
ВолОбл,2023-03,доставка,69.0
ВолОбл,2023-03,ипотека,30.5
ВолОбл,2023-03,кредит,71.0
ВолОбл,2023-03,купить онлайн,37.5
ВолОбл,2023-03,маркетплейс,0.0
ВолОбл,2023-03,распродажа,0.0
ВолОбл,2023-03,скидки,24.5
ВолОбл,2023-04,доставка,51.2
ВолОбл,2023-04,ипотека,40.2
ВолОбл,2023-04,кредит,85.6
ВолОбл,2023-04,купить онлайн,48.4
ВолОбл,2023-04,маркетплейс,0.0
ВолОбл,2023-04,распродажа,0.0
ВолОбл,2023-04,скидки,27.8
ВолОбл,2023-05,доставка,56.0
ВолОбл,2023-05,ипотека,21.75
ВолОбл,2023-05,кредит,69.5
ВолОбл,2023-05,купить онлайн,31.75
ВолОбл,2023-05,маркетплейс,0.0
ВолОбл,2023-05,распродажа,0.0
ВолОбл,2023-05,скидки,24.25
ВолОбл,2023-06,доставка,67.25
ВолОбл,2023-06,ипотека,23.5
ВолОбл,2023-06,кредит,76.25
ВолОбл,2023-06,купить онлайн,17.25
ВолОбл,2023-06,маркетплейс,0.0
ВолОбл,2023-06,распродажа,16.5
ВолОбл,2023-06,скидки,0.0
ВолОбл,2023-07,доставка,62.6
ВолОбл,2023-07,ипотека,44.0
ВолОбл,2023-07,кредит,62.0
ВолОбл,2023-07,купить онлайн,33.6
ВолОбл,2023-07,маркетплейс,0.0
ВолОбл,2023-07,распродажа,0.0
ВолОбл,2023-07,скидки,19.6
ВолОбл,2023-08,доставка,64.5
ВолОбл,2023-08,ипотека,53.5
ВолОбл,2023-08,кредит,80.25
ВолОбл,2023-08,купить онлайн,16.25
ВолОбл,2023-08,маркетплейс,0.0
ВолОбл,2023-08,распродажа,0.0
ВолОбл,2023-08,скидки,16.0
ВолОбл,2023-09,доставка,57.0
ВолОбл,2023-09,ипотека,49.0
ВолОбл,2023-09,кредит,67.5
ВолОбл,2023-09,купить онлайн,0.0
ВолОбл,2023-09,маркетплейс,0.0
ВолОбл,2023-09,распродажа,0.0
ВолОбл,2023-09,скидки,13.25
ВолОбл,2023-10,доставка,64.2
ВолОбл,2023-10,ипотека,42.4
ВолОбл,2023-10,кредит,65.6
ВолОбл,2023-10,купить онлайн,15.6
ВолОбл,2023-10,маркетплейс,0.0
ВолОбл,2023-10,распродажа,0.0
ВолОбл,2023-10,скидки,35.8
ВолОбл,2023-11,доставка,65.5
ВолОбл,2023-11,ипотека,52.25
ВолОбл,2023-11,кредит,79.75
ВолОбл,2023-11,купить онлайн,16.5
ВолОбл,2023-11,маркетплейс,0.0
ВолОбл,2023-11,распродажа,56.25
ВолОбл,2023-11,скидки,12.5
ВолОбл,2023-12,доставка,70.8
ВолОбл,2023-12,ипотека,29.8
ВолОбл,2023-12,кредит,68.4
ВолОбл,2023-12,купить онлайн,0.0
ВолОбл,2023-12,маркетплейс,0.0
ВолОбл,2023-12,распродажа,0.0
ВолОбл,2023-12,скидки,21.0
ВолОбл,2024-01,доставка,65.75
ВолОбл,2024-01,ипотека,60.5
ВолОбл,2024-01,кредит,71.75
ВолОбл,2024-01,купить онлайн,15.5
ВолОбл,2024-01,маркетплейс,0.0
ВолОбл,2024-01,распродажа,0.0
ВолОбл,2024-01,скидки,0.0
ВолОбл,2024-02,доставка,68.25
ВолОбл,2024-02,ипотека,49.25
ВолОбл,2024-02,кредит,68.75
ВолОбл,2024-02,купить онлайн,0.0
ВолОбл,2024-02,маркетплейс,0.0
ВолОбл,2024-02,распродажа,0.0
ВолОбл,2024-02,скидки,16.75
ВолОбл,2024-03,доставка,61.0
ВолОбл,2024-03,ипотека,52.0
ВолОбл,2024-03,кредит,66.0
ВолОбл,2024-03,купить онлайн,0.0
ВолОбл,2024-03,маркетплейс,0.0
ВолОбл,2024-03,распродажа,0.0
ВолОбл,2024-03,скидки,18.6
ВолОбл,2024-04,доставка,59.5
ВолОбл,2024-04,ипотека,62.5
ВолОбл,2024-04,кредит,70.5
ВолОбл,2024-04,купить онлайн,23.5
ВолОбл,2024-04,маркетплейс,0.0
ВолОбл,2024-04,распродажа,0.0
ВолОбл,2024-04,скидки,0.0
ВолОбл,2024-05,доставка,54.5
ВолОбл,2024-05,ипотека,50.25
ВолОбл,2024-05,кредит,71.5
ВолОбл,2024-05,купить онлайн,0.0
ВолОбл,2024-05,маркетплейс,0.0
ВолОбл,2024-05,распродажа,0.0
ВолОбл,2024-05,скидки,47.25
ВолОбл,2024-06,доставка,58.0
ВолОбл,2024-06,ипотека,65.2
ВолОбл,2024-06,кредит,67.8
ВолОбл,2024-06,купить онлайн,18.4
ВолОбл,2024-06,маркетплейс,0.0
ВолОбл,2024-06,распродажа,0.0
ВолОбл,2024-06,скидки,12.8
ВолОбл,2024-07,доставка,62.0
ВолОбл,2024-07,ипотека,72.25
ВолОбл,2024-07,кредит,65.5
ВолОбл,2024-07,купить онлайн,0.0
ВолОбл,2024-07,маркетплейс,0.0
ВолОбл,2024-07,распродажа,0.0
ВолОбл,2024-07,скидки,16.0
ВолОбл,2024-08,доставка,64.5
ВолОбл,2024-08,ипотека,62.0
ВолОбл,2024-08,кредит,63.0
ВолОбл,2024-08,купить онлайн,21.75
ВолОбл,2024-08,маркетплейс,25.0
ВолОбл,2024-08,распродажа,0.0
ВолОбл,2024-08,скидки,0.0
ВолОбл,2024-09,доставка,62.2
ВолОбл,2024-09,ипотека,60.8
ВолОбл,2024-09,кредит,63.0
ВолОбл,2024-09,купить онлайн,14.2
ВолОбл,2024-09,маркетплейс,0.0
ВолОбл,2024-09,распродажа,0.0
ВолОбл,2024-09,скидки,0.0
ВолОбл,2024-10,доставка,66.0
ВолОбл,2024-10,ипотека,59.0
ВолОбл,2024-10,кредит,65.75
ВолОбл,2024-10,купить онлайн,0.0
ВолОбл,2024-10,маркетплейс,0.0
ВолОбл,2024-10,распродажа,0.0
ВолОбл,2024-10,скидки,57.25
ВолОбл,2024-11,доставка,65.5
ВолОбл,2024-11,ипотека,36.25
ВолОбл,2024-11,кредит,69.25
ВолОбл,2024-11,купить онлайн,0.0
ВолОбл,2024-11,маркетплейс,0.0
ВолОбл,2024-11,распродажа,0.0
ВолОбл,2024-11,скидки,0.0
ВолОбл,2024-12,доставка,60.2
ВолОбл,2024-12,ипотека,48.8
ВолОбл,2024-12,кредит,45.4
ВолОбл,2024-12,купить онлайн,15.0
ВолОбл,2024-12,маркетплейс,0.0
ВолОбл,2024-12,распродажа,0.0
ВолОбл,2024-12,скидки,12.8
КалОбл,2023-01,доставка,65.2
КалОбл,2023-01,ипотека,50.2
КалОбл,2023-01,кредит,73.8
КалОбл,2023-01,купить онлайн,46.4
КалОбл,2023-01,маркетплейс,0.0
КалОбл,2023-01,распродажа,0.0
КалОбл,2023-01,скидки,45.4
КалОбл,2023-02,доставка,65.25
КалОбл,2023-02,ипотека,40.75
КалОбл,2023-02,кредит,80.0
КалОбл,2023-02,купить онлайн,49.25
КалОбл,2023-02,маркетплейс,0.0
КалОбл,2023-02,распродажа,0.0
КалОбл,2023-02,скидки,44.0
КалОбл,2023-03,доставка,68.5
КалОбл,2023-03,ипотека,37.5
КалОбл,2023-03,кредит,91.75
КалОбл,2023-03,купить онлайн,48.25
КалОбл,2023-03,маркетплейс,0.0
КалОбл,2023-03,распродажа,11.75
КалОбл,2023-03,скидки,28.75
КалОбл,2023-04,доставка,50.8
КалОбл,2023-04,ипотека,35.6
КалОбл,2023-04,кредит,85.6
КалОбл,2023-04,купить онлайн,47.6
КалОбл,2023-04,маркетплейс,0.0
КалОбл,2023-04,распродажа,8.6
КалОбл,2023-04,скидки,20.4
КалОбл,2023-05,доставка,56.5
КалОбл,2023-05,ипотека,39.75
КалОбл,2023-05,кредит,85.25
КалОбл,2023-05,купить онлайн,24.25
КалОбл,2023-05,маркетплейс,25.0
КалОбл,2023-05,распродажа,0.0
КалОбл,2023-05,скидки,40.5
КалОбл,2023-06,доставка,61.25
КалОбл,2023-06,ипотека,40.0
КалОбл,2023-06,кредит,76.75
КалОбл,2023-06,купить онлайн,47.25
КалОбл,2023-06,маркетплейс,0.0
КалОбл,2023-06,распродажа,11.0
КалОбл,2023-06,скидки,44.0
КалОбл,2023-07,доставка,59.0
КалОбл,2023-07,ипотека,50.4
КалОбл,2023-07,кредит,82.6
КалОбл,2023-07,купить онлайн,66.2
КалОбл,2023-07,маркетплейс,0.0
КалОбл,2023-07,распродажа,10.8
КалОбл,2023-07,скидки,50.0
КалОбл,2023-08,доставка,71.25
КалОбл,2023-08,ипотека,52.5
КалОбл,2023-08,кредит,70.75
КалОбл,2023-08,купить онлайн,57.5
КалОбл,2023-08,маркетплейс,0.0
КалОбл,2023-08,распродажа,0.0
КалОбл,2023-08,скидки,33.5
КалОбл,2023-09,доставка,57.75
КалОбл,2023-09,ипотека,51.0
КалОбл,2023-09,кредит,72.0
КалОбл,2023-09,купить онлайн,51.5
КалОбл,2023-09,маркетплейс,0.0
КалОбл,2023-09,распродажа,10.75
КалОбл,2023-09,скидки,46.75
КалОбл,2023-10,доставка,62.0
КалОбл,2023-10,ипотека,49.6
КалОбл,2023-10,кредит,75.2
КалОбл,2023-10,купить онлайн,50.8
КалОбл,2023-10,маркетплейс,0.0
КалОбл,2023-10,распродажа,0.0
КалОбл,2023-10,скидки,22.4
КалОбл,2023-11,доставка,64.5
КалОбл,2023-11,ипотека,48.0
КалОбл,2023-11,кредит,72.25
КалОбл,2023-11,купить онлайн,36.25
КалОбл,2023-11,маркетплейс,0.0
КалОбл,2023-11,распродажа,35.75
КалОбл,2023-11,скидки,38.5
КалОбл,2023-12,доставка,72.0
КалОбл,2023-12,ипотека,49.4
КалОбл,2023-12,кредит,76.0
КалОбл,2023-12,купить онлайн,43.6
КалОбл,2023-12,маркетплейс,0.0
КалОбл,2023-12,распродажа,8.4
КалОбл,2023-12,скидки,47.6
КалОбл,2024-01,доставка,63.5
КалОбл,2024-01,ипотека,56.0
КалОбл,2024-01,кредит,71.5
КалОбл,2024-01,купить онлайн,39.5
КалОбл,2024-01,маркетплейс,0.0
КалОбл,2024-01,распродажа,10.5
КалОбл,2024-01,скидки,33.0
КалОбл,2024-02,доставка,60.5
КалОбл,2024-02,ипотека,50.5
КалОбл,2024-02,кредит,80.5
КалОбл,2024-02,купить онлайн,40.0
КалОбл,2024-02,маркетплейс,0.0
КалОбл,2024-02,распродажа,0.0
КалОбл,2024-02,скидки,55.0
КалОбл,2024-03,доставка,60.2
КалОбл,2024-03,ипотека,43.2
КалОбл,2024-03,кредит,77.0
КалОбл,2024-03,купить онлайн,37.6
КалОбл,2024-03,маркетплейс,0.0
КалОбл,2024-03,распродажа,9.2
КалОбл,2024-03,скидки,36.8
КалОбл,2024-04,доставка,52.25
КалОбл,2024-04,ипотека,54.0
КалОбл,2024-04,кредит,68.75
КалОбл,2024-04,купить онлайн,25.25
КалОбл,2024-04,маркетплейс,0.0
КалОбл,2024-04,распродажа,0.0
КалОбл,2024-04,скидки,28.0
КалОбл,2024-05,доставка,47.5
КалОбл,2024-05,ипотека,53.5
КалОбл,2024-05,кредит,62.0
КалОбл,2024-05,купить онлайн,56.5
КалОбл,2024-05,маркетплейс,0.0
КалОбл,2024-05,распродажа,0.0
КалОбл,2024-05,скидки,17.0
КалОбл,2024-06,доставка,54.8
КалОбл,2024-06,ипотека,82.2
КалОбл,2024-06,кредит,80.8
КалОбл,2024-06,купить онлайн,26.0
КалОбл,2024-06,маркетплейс,0.0
КалОбл,2024-06,распродажа,10.8
КалОбл,2024-06,скидки,22.8
КалОбл,2024-07,доставка,78.25
КалОбл,2024-07,ипотека,81.75
КалОбл,2024-07,кредит,73.0
КалОбл,2024-07,купить онлайн,55.25
КалОбл,2024-07,маркетплейс,0.0
КалОбл,2024-07,распродажа,0.0
КалОбл,2024-07,скидки,12.75
КалОбл,2024-08,доставка,60.5
КалОбл,2024-08,ипотека,67.25
КалОбл,2024-08,кредит,59.75
КалОбл,2024-08,купить онлайн,57.5
КалОбл,2024-08,маркетплейс,0.0
КалОбл,2024-08,распродажа,0.0
КалОбл,2024-08,скидки,35.0
КалОбл,2024-09,доставка,58.8
КалОбл,2024-09,ипотека,63.0
КалОбл,2024-09,кредит,77.4
КалОбл,2024-09,купить онлайн,45.6
КалОбл,2024-09,маркетплейс,0.0
КалОбл,2024-09,распродажа,20.0
КалОбл,2024-09,скидки,11.2
КалОбл,2024-10,доставка,58.25
КалОбл,2024-10,ипотека,62.0
КалОбл,2024-10,кредит,61.25
КалОбл,2024-10,купить онлайн,32.5
КалОбл,2024-10,маркетплейс,0.0
КалОбл,2024-10,распродажа,0.0
КалОбл,2024-10,скидки,25.5
КалОбл,2024-11,доставка,57.25
КалОбл,2024-11,ипотека,44.75
КалОбл,2024-11,кредит,62.5
КалОбл,2024-11,купить онлайн,30.5
КалОбл,2024-11,маркетплейс,0.0
КалОбл,2024-11,распродажа,0.0
КалОбл,2024-11,скидки,36.0
КалОбл,2024-12,доставка,56.6
КалОбл,2024-12,ипотека,49.8
КалОбл,2024-12,кредит,54.0
КалОбл,2024-12,купить онлайн,49.4
КалОбл,2024-12,маркетплейс,0.0
КалОбл,2024-12,распродажа,0.0
КалОбл,2024-12,скидки,20.8
Карелия,2023-01,доставка,55.4
Карелия,2023-01,ипотека,55.4
Карелия,2023-01,кредит,44.0
Карелия,2023-01,купить онлайн,0.0
Карелия,2023-01,распродажа,0.0
Карелия,2023-01,скидки,11.4
Карелия,2023-02,доставка,55.0
Карелия,2023-02,ипотека,41.25
Карелия,2023-02,кредит,53.5
Карелия,2023-02,купить онлайн,0.0
Карелия,2023-02,распродажа,0.0
Карелия,2023-02,скидки,0.0
Карелия,2023-03,доставка,63.0
Карелия,2023-03,ипотека,22.75
Карелия,2023-03,кредит,63.5
Карелия,2023-03,купить онлайн,0.0
Карелия,2023-03,распродажа,0.0
Карелия,2023-03,скидки,0.0
Карелия,2023-04,доставка,45.8
Карелия,2023-04,ипотека,20.8
Карелия,2023-04,кредит,54.4
Карелия,2023-04,купить онлайн,0.0
Карелия,2023-04,распродажа,0.0
Карелия,2023-04,скидки,0.0
Карелия,2023-05,доставка,47.25
Карелия,2023-05,ипотека,18.75
Карелия,2023-05,кредит,52.25
Карелия,2023-05,купить онлайн,0.0
Карелия,2023-05,распродажа,0.0
Карелия,2023-05,скидки,0.0
Карелия,2023-06,доставка,55.0
Карелия,2023-06,ипотека,0.0
Карелия,2023-06,кредит,49.0
Карелия,2023-06,купить онлайн,0.0
Карелия,2023-06,распродажа,0.0
Карелия,2023-06,скидки,25.0
Карелия,2023-07,доставка,58.8
Карелия,2023-07,ипотека,34.2
Карелия,2023-07,кредит,45.6
Карелия,2023-07,купить онлайн,0.0
Карелия,2023-07,распродажа,0.0
Карелия,2023-07,скидки,18.8
Карелия,2023-08,доставка,62.25
Карелия,2023-08,ипотека,66.0
Карелия,2023-08,кредит,60.25
Карелия,2023-08,купить онлайн,0.0
Карелия,2023-08,распродажа,0.0
Карелия,2023-08,скидки,0.0
Карелия,2023-09,доставка,58.25
Карелия,2023-09,ипотека,52.5
Карелия,2023-09,кредит,50.5
Карелия,2023-09,купить онлайн,0.0
Карелия,2023-09,распродажа,0.0
Карелия,2023-09,скидки,0.0
Карелия,2023-10,доставка,67.0
Карелия,2023-10,ипотека,54.0
Карелия,2023-10,кредит,52.8
Карелия,2023-10,купить онлайн,18.4
Карелия,2023-10,распродажа,0.0
Карелия,2023-10,скидки,10.2
Карелия,2023-11,доставка,61.25
Карелия,2023-11,ипотека,40.5
Карелия,2023-11,кредит,67.0
Карелия,2023-11,купить онлайн,0.0
Карелия,2023-11,распродажа,0.0
Карелия,2023-11,скидки,0.0
Карелия,2023-12,доставка,63.8
Карелия,2023-12,ипотека,38.4
Карелия,2023-12,кредит,47.6
Карелия,2023-12,купить онлайн,0.0
Карелия,2023-12,распродажа,0.0
Карелия,2023-12,скидки,13.8
Карелия,2024-01,доставка,56.25
Карелия,2024-01,ипотека,60.0
Карелия,2024-01,кредит,70.0
Карелия,2024-01,купить онлайн,0.0
Карелия,2024-01,распродажа,0.0
Карелия,2024-01,скидки,0.0
Карелия,2024-02,доставка,62.5
Карелия,2024-02,ипотека,21.0
Карелия,2024-02,кредит,57.0
Карелия,2024-02,купить онлайн,0.0
Карелия,2024-02,распродажа,0.0
Карелия,2024-02,скидки,0.0
Карелия,2024-03,доставка,62.6
Карелия,2024-03,ипотека,32.2
Карелия,2024-03,кредит,54.6
Карелия,2024-03,купить онлайн,0.0
Карелия,2024-03,распродажа,0.0
Карелия,2024-03,скидки,0.0
Карелия,2024-04,доставка,52.0
Карелия,2024-04,ипотека,16.25
Карелия,2024-04,кредит,44.25
Карелия,2024-04,купить онлайн,0.0
Карелия,2024-04,распродажа,0.0
Карелия,2024-04,скидки,0.0
Карелия,2024-05,доставка,52.0
Карелия,2024-05,ипотека,45.0
Карелия,2024-05,кредит,50.0
Карелия,2024-05,купить онлайн,0.0
Карелия,2024-05,распродажа,0.0
Карелия,2024-05,скидки,0.0
Карелия,2024-06,доставка,60.2
Карелия,2024-06,ипотека,49.0
Карелия,2024-06,кредит,43.4
Карелия,2024-06,купить онлайн,0.0
Карелия,2024-06,распродажа,0.0
Карелия,2024-06,скидки,0.0
Карелия,2024-07,доставка,64.75
Карелия,2024-07,ипотека,37.25
Карелия,2024-07,кредит,56.5
Карелия,2024-07,купить онлайн,25.0
Карелия,2024-07,распродажа,0.0
Карелия,2024-07,скидки,14.75
Карелия,2024-08,доставка,55.5
Карелия,2024-08,ипотека,65.25
Карелия,2024-08,кредит,35.75
Карелия,2024-08,купить онлайн,0.0
Карелия,2024-08,распродажа,0.0
Карелия,2024-08,скидки,0.0
Карелия,2024-09,доставка,50.2
Карелия,2024-09,ипотека,42.8
Карелия,2024-09,кредит,45.0
Карелия,2024-09,купить онлайн,0.0
Карелия,2024-09,распродажа,0.0
Карелия,2024-09,скидки,0.0
Карелия,2024-10,доставка,56.25
Карелия,2024-10,ипотека,71.0
Карелия,2024-10,кредит,65.75
Карелия,2024-10,купить онлайн,0.0
Карелия,2024-10,распродажа,25.0
Карелия,2024-10,скидки,0.0
Карелия,2024-11,доставка,64.0
Карелия,2024-11,ипотека,35.75
Карелия,2024-11,кредит,54.5
Карелия,2024-11,купить онлайн,23.75
Карелия,2024-11,распродажа,0.0
Карелия,2024-11,скидки,0.0
Карелия,2024-12,доставка,60.8
Карелия,2024-12,ипотека,27.6
Карелия,2024-12,кредит,26.4
Карелия,2024-12,купить онлайн,20.0
Карелия,2024-12,распродажа,18.6
Карелия,2024-12,скидки,0.0
Коми,2023-01,доставка,54.8
Коми,2023-01,ипотека,20.4
Коми,2023-01,кредит,64.4
Коми,2023-01,купить онлайн,11.6
Коми,2023-01,маркетплейс,0.0
Коми,2023-01,распродажа,13.2
Коми,2023-01,скидки,26.0
Коми,2023-02,доставка,52.5
Коми,2023-02,ипотека,6.5
Коми,2023-02,кредит,68.0
Коми,2023-02,купить онлайн,0.0
Коми,2023-02,маркетплейс,0.0
Коми,2023-02,распродажа,0.0
Коми,2023-02,скидки,0.0
Коми,2023-03,доставка,63.25
Коми,2023-03,ипотека,8.0
Коми,2023-03,кредит,69.5
Коми,2023-03,купить онлайн,13.75
Коми,2023-03,маркетплейс,0.0
Коми,2023-03,распродажа,0.0
Коми,2023-03,скидки,0.0
Коми,2023-04,доставка,48.0
Коми,2023-04,ипотека,0.0
Коми,2023-04,кредит,74.2
Коми,2023-04,купить онлайн,0.0
Коми,2023-04,маркетплейс,0.0
Коми,2023-04,распродажа,0.0
Коми,2023-04,скидки,0.0
Коми,2023-05,доставка,59.75
Коми,2023-05,ипотека,9.5
Коми,2023-05,кредит,63.25
Коми,2023-05,купить онлайн,0.0
Коми,2023-05,маркетплейс,0.0
Коми,2023-05,распродажа,0.0
Коми,2023-05,скидки,0.0
Коми,2023-06,доставка,51.5
Коми,2023-06,ипотека,0.0
Коми,2023-06,кредит,50.25
Коми,2023-06,купить онлайн,14.25
Коми,2023-06,маркетплейс,0.0
Коми,2023-06,распродажа,0.0
Коми,2023-06,скидки,0.0
Коми,2023-07,доставка,58.4
Коми,2023-07,ипотека,31.2
Коми,2023-07,кредит,70.4
Коми,2023-07,купить онлайн,28.8
Коми,2023-07,маркетплейс,0.0
Коми,2023-07,распродажа,0.0
Коми,2023-07,скидки,0.0
Коми,2023-08,доставка,55.75
Коми,2023-08,ипотека,37.5
Коми,2023-08,кредит,72.5
Коми,2023-08,купить онлайн,0.0
Коми,2023-08,маркетплейс,0.0
Коми,2023-08,распродажа,0.0
Коми,2023-08,скидки,0.0
Коми,2023-09,доставка,43.75
Коми,2023-09,ипотека,17.25
Коми,2023-09,кредит,67.25
Коми,2023-09,купить онлайн,17.5
Коми,2023-09,маркетплейс,0.0
Коми,2023-09,распродажа,0.0
Коми,2023-09,скидки,0.0
Коми,2023-10,доставка,52.0
Коми,2023-10,ипотека,21.4
Коми,2023-10,кредит,61.4
Коми,2023-10,купить онлайн,13.8
Коми,2023-10,маркетплейс,20.0
Коми,2023-10,распродажа,0.0
Коми,2023-10,скидки,0.0
Коми,2023-11,доставка,63.75
Коми,2023-11,ипотека,28.25
Коми,2023-11,кредит,82.75
Коми,2023-11,купить онлайн,16.0
Коми,2023-11,маркетплейс,0.0
Коми,2023-11,распродажа,0.0
Коми,2023-11,скидки,0.0
Коми,2023-12,доставка,64.2
Коми,2023-12,ипотека,18.6
Коми,2023-12,кредит,62.2
Коми,2023-12,купить онлайн,0.0
Коми,2023-12,маркетплейс,0.0
Коми,2023-12,распродажа,0.0
Коми,2023-12,скидки,25.4
Коми,2024-01,доставка,58.75
Коми,2024-01,ипотека,43.0
Коми,2024-01,кредит,57.25
Коми,2024-01,купить онлайн,0.0
Коми,2024-01,маркетплейс,0.0
Коми,2024-01,распродажа,0.0
Коми,2024-01,скидки,0.0
Коми,2024-02,доставка,50.75
Коми,2024-02,ипотека,36.0
Коми,2024-02,кредит,67.0
Коми,2024-02,купить онлайн,0.0
Коми,2024-02,маркетплейс,0.0
Коми,2024-02,распродажа,0.0
Коми,2024-02,скидки,0.0
Коми,2024-03,доставка,58.2
Коми,2024-03,ипотека,7.8
Коми,2024-03,кредит,61.0
Коми,2024-03,купить онлайн,0.0
Коми,2024-03,маркетплейс,0.0
Коми,2024-03,распродажа,0.0
Коми,2024-03,скидки,0.0
Коми,2024-04,доставка,51.5
Коми,2024-04,ипотека,35.5
Коми,2024-04,кредит,61.75
Коми,2024-04,купить онлайн,0.0
Коми,2024-04,маркетплейс,0.0
Коми,2024-04,распродажа,0.0
Коми,2024-04,скидки,0.0
Коми,2024-05,доставка,48.75
Коми,2024-05,ипотека,0.0
Коми,2024-05,кредит,32.25
Коми,2024-05,купить онлайн,0.0
Коми,2024-05,маркетплейс,0.0
Коми,2024-05,распродажа,0.0
Коми,2024-05,скидки,0.0
Коми,2024-06,доставка,56.0
Коми,2024-06,ипотека,54.0
Коми,2024-06,кредит,58.6
Коми,2024-06,купить онлайн,0.0
Коми,2024-06,маркетплейс,0.0
Коми,2024-06,распродажа,0.0
Коми,2024-06,скидки,0.0
Коми,2024-07,доставка,55.25
Коми,2024-07,ипотека,39.0
Коми,2024-07,кредит,67.25
Коми,2024-07,купить онлайн,0.0
Коми,2024-07,маркетплейс,0.0
Коми,2024-07,распродажа,0.0
Коми,2024-07,скидки,0.0
Коми,2024-08,доставка,45.75
Коми,2024-08,ипотека,44.5
Коми,2024-08,кредит,77.25
Коми,2024-08,купить онлайн,0.0
Коми,2024-08,маркетплейс,0.0
Коми,2024-08,распродажа,0.0
Коми,2024-08,скидки,0.0
Коми,2024-09,доставка,49.6
Коми,2024-09,ипотека,16.8
Коми,2024-09,кредит,62.0
Коми,2024-09,купить онлайн,20.0
Коми,2024-09,маркетплейс,0.0
Коми,2024-09,распродажа,20.0
Коми,2024-09,скидки,0.0
Коми,2024-10,доставка,51.75
Коми,2024-10,ипотека,24.5
Коми,2024-10,кредит,66.5
Коми,2024-10,купить онлайн,0.0
Коми,2024-10,маркетплейс,0.0
Коми,2024-10,распродажа,0.0
Коми,2024-10,скидки,0.0
Коми,2024-11,доставка,48.75
Коми,2024-11,ипотека,19.0
Коми,2024-11,кредит,60.25
Коми,2024-11,купить онлайн,0.0
Коми,2024-11,маркетплейс,0.0
Коми,2024-11,распродажа,0.0
Коми,2024-11,скидки,22.0
Коми,2024-12,доставка,58.6
Коми,2024-12,ипотека,10.8
Коми,2024-12,кредит,48.2
Коми,2024-12,купить онлайн,0.0
Коми,2024-12,маркетплейс,0.0
Коми,2024-12,распродажа,0.0
Коми,2024-12,скидки,20.0
ЛенОбл,2023-01,доставка,61.6
ЛенОбл,2023-01,ипотека,44.6
ЛенОбл,2023-01,кредит,67.4
ЛенОбл,2023-01,купить онлайн,65.0
ЛенОбл,2023-01,распродажа,38.4
ЛенОбл,2023-01,скидки,68.2
ЛенОбл,2023-02,доставка,70.25
ЛенОбл,2023-02,ипотека,46.5
ЛенОбл,2023-02,кредит,82.5
ЛенОбл,2023-02,купить онлайн,64.25
ЛенОбл,2023-02,распродажа,43.75
ЛенОбл,2023-02,скидки,65.0
ЛенОбл,2023-03,доставка,70.0
ЛенОбл,2023-03,ипотека,42.75
ЛенОбл,2023-03,кредит,88.5
ЛенОбл,2023-03,купить онлайн,61.0
ЛенОбл,2023-03,распродажа,33.75
ЛенОбл,2023-03,скидки,65.0
ЛенОбл,2023-04,доставка,56.2
ЛенОбл,2023-04,ипотека,41.6
ЛенОбл,2023-04,кредит,78.0
ЛенОбл,2023-04,купить онлайн,55.4
ЛенОбл,2023-04,распродажа,27.8
ЛенОбл,2023-04,скидки,68.0
ЛенОбл,2023-05,доставка,58.5
ЛенОбл,2023-05,ипотека,44.5
ЛенОбл,2023-05,кредит,76.75
ЛенОбл,2023-05,купить онлайн,62.25
ЛенОбл,2023-05,распродажа,37.5
ЛенОбл,2023-05,скидки,57.25
ЛенОбл,2023-06,доставка,66.0
ЛенОбл,2023-06,ипотека,37.25
ЛенОбл,2023-06,кредит,74.0
ЛенОбл,2023-06,купить онлайн,64.5
ЛенОбл,2023-06,распродажа,52.0
ЛенОбл,2023-06,скидки,64.75
ЛенОбл,2023-07,доставка,68.0
ЛенОбл,2023-07,ипотека,43.2
ЛенОбл,2023-07,кредит,70.2
ЛенОбл,2023-07,купить онлайн,76.2
ЛенОбл,2023-07,распродажа,41.0
ЛенОбл,2023-07,скидки,70.6
ЛенОбл,2023-08,доставка,65.0
ЛенОбл,2023-08,ипотека,45.25
ЛенОбл,2023-08,кредит,79.5
ЛенОбл,2023-08,купить онлайн,69.0
ЛенОбл,2023-08,распродажа,37.0
ЛенОбл,2023-08,скидки,51.25
ЛенОбл,2023-09,доставка,63.5
ЛенОбл,2023-09,ипотека,50.25
ЛенОбл,2023-09,кредит,75.75
ЛенОбл,2023-09,купить онлайн,68.0
ЛенОбл,2023-09,распродажа,37.5
ЛенОбл,2023-09,скидки,61.5
ЛенОбл,2023-10,доставка,64.4
ЛенОбл,2023-10,ипотека,49.4
ЛенОбл,2023-10,кредит,70.2
ЛенОбл,2023-10,купить онлайн,56.4
ЛенОбл,2023-10,распродажа,59.2
ЛенОбл,2023-10,скидки,57.0
ЛенОбл,2023-11,доставка,67.0
ЛенОбл,2023-11,ипотека,49.0
ЛенОбл,2023-11,кредит,74.5
ЛенОбл,2023-11,купить онлайн,65.0
ЛенОбл,2023-11,распродажа,83.5
ЛенОбл,2023-11,скидки,78.0
ЛенОбл,2023-12,доставка,74.8
ЛенОбл,2023-12,ипотека,42.6
ЛенОбл,2023-12,кредит,65.8
ЛенОбл,2023-12,купить онлайн,51.8
ЛенОбл,2023-12,распродажа,51.2
ЛенОбл,2023-12,скидки,54.4
ЛенОбл,2024-01,доставка,62.5
ЛенОбл,2024-01,ипотека,52.5
ЛенОбл,2024-01,кредит,75.5
ЛенОбл,2024-01,купить онлайн,39.25
ЛенОбл,2024-01,распродажа,10.25
ЛенОбл,2024-01,скидки,50.25
ЛенОбл,2024-02,доставка,67.25
ЛенОбл,2024-02,ипотека,49.25
ЛенОбл,2024-02,кредит,78.25
ЛенОбл,2024-02,купить онлайн,55.25
ЛенОбл,2024-02,распродажа,30.0
ЛенОбл,2024-02,скидки,65.0
ЛенОбл,2024-03,доставка,68.4
ЛенОбл,2024-03,ипотека,54.2
ЛенОбл,2024-03,кредит,75.6
ЛенОбл,2024-03,купить онлайн,59.8
ЛенОбл,2024-03,распродажа,0.0
ЛенОбл,2024-03,скидки,52.6
ЛенОбл,2024-04,доставка,60.25
ЛенОбл,2024-04,ипотека,58.5
ЛенОбл,2024-04,кредит,72.0
ЛенОбл,2024-04,купить онлайн,39.75
ЛенОбл,2024-04,распродажа,12.5
ЛенОбл,2024-04,скидки,59.75
ЛенОбл,2024-05,доставка,56.5
ЛенОбл,2024-05,ипотека,54.25
ЛенОбл,2024-05,кредит,68.75
ЛенОбл,2024-05,купить онлайн,30.5
ЛенОбл,2024-05,распродажа,17.0
ЛенОбл,2024-05,скидки,47.75
ЛенОбл,2024-06,доставка,64.2
ЛенОбл,2024-06,ипотека,73.0
ЛенОбл,2024-06,кредит,73.6
ЛенОбл,2024-06,купить онлайн,55.4
ЛенОбл,2024-06,распродажа,39.0
ЛенОбл,2024-06,скидки,57.2
ЛенОбл,2024-07,доставка,59.25
ЛенОбл,2024-07,ипотека,78.25
ЛенОбл,2024-07,кредит,76.5
ЛенОбл,2024-07,купить онлайн,56.75
ЛенОбл,2024-07,распродажа,11.5
ЛенОбл,2024-07,скидки,62.25
ЛенОбл,2024-08,доставка,60.5
ЛенОбл,2024-08,ипотека,53.75
ЛенОбл,2024-08,кредит,66.0
ЛенОбл,2024-08,купить онлайн,56.75
ЛенОбл,2024-08,распродажа,25.75
ЛенОбл,2024-08,скидки,55.25
ЛенОбл,2024-09,доставка,61.4
ЛенОбл,2024-09,ипотека,61.4
ЛенОбл,2024-09,кредит,71.8
ЛенОбл,2024-09,купить онлайн,50.8
ЛенОбл,2024-09,распродажа,24.8
ЛенОбл,2024-09,скидки,61.2
ЛенОбл,2024-10,доставка,61.0
ЛенОбл,2024-10,ипотека,71.5
ЛенОбл,2024-10,кредит,73.5
ЛенОбл,2024-10,купить онлайн,47.5
ЛенОбл,2024-10,распродажа,12.25
ЛенОбл,2024-10,скидки,73.25
ЛенОбл,2024-11,доставка,64.5
ЛенОбл,2024-11,ипотека,46.75
ЛенОбл,2024-11,кредит,75.25
ЛенОбл,2024-11,купить онлайн,42.0
ЛенОбл,2024-11,распродажа,61.25
ЛенОбл,2024-11,скидки,77.25
ЛенОбл,2024-12,доставка,72.0
ЛенОбл,2024-12,ипотека,44.6
ЛенОбл,2024-12,кредит,60.2
ЛенОбл,2024-12,купить онлайн,38.8
ЛенОбл,2024-12,распродажа,25.4
ЛенОбл,2024-12,скидки,62.8
МурОбл,2023-01,доставка,64.6
МурОбл,2023-01,ипотека,15.8
МурОбл,2023-01,кредит,57.2
МурОбл,2023-01,купить онлайн,25.2
МурОбл,2023-01,маркетплейс,0.0
МурОбл,2023-01,распродажа,0.0
МурОбл,2023-01,скидки,15.0
МурОбл,2023-02,доставка,69.5
МурОбл,2023-02,ипотека,7.25
МурОбл,2023-02,кредит,44.25
МурОбл,2023-02,купить онлайн,20.75
МурОбл,2023-02,маркетплейс,0.0
МурОбл,2023-02,распродажа,0.0
МурОбл,2023-02,скидки,18.25
МурОбл,2023-03,доставка,66.75
МурОбл,2023-03,ипотека,19.25
МурОбл,2023-03,кредит,62.5
МурОбл,2023-03,купить онлайн,0.0
МурОбл,2023-03,маркетплейс,0.0
МурОбл,2023-03,распродажа,0.0
МурОбл,2023-03,скидки,0.0
МурОбл,2023-04,доставка,56.0
МурОбл,2023-04,ипотека,18.6
МурОбл,2023-04,кредит,59.2
МурОбл,2023-04,купить онлайн,12.8
МурОбл,2023-04,маркетплейс,0.0
МурОбл,2023-04,распродажа,0.0
МурОбл,2023-04,скидки,15.6
МурОбл,2023-05,доставка,57.75
МурОбл,2023-05,ипотека,16.5
МурОбл,2023-05,кредит,62.0
МурОбл,2023-05,купить онлайн,0.0
МурОбл,2023-05,маркетплейс,0.0
МурОбл,2023-05,распродажа,0.0
МурОбл,2023-05,скидки,0.0
МурОбл,2023-06,доставка,65.75
МурОбл,2023-06,ипотека,13.25
МурОбл,2023-06,кредит,60.75
МурОбл,2023-06,купить онлайн,21.5
МурОбл,2023-06,маркетплейс,0.0
МурОбл,2023-06,распродажа,0.0
МурОбл,2023-06,скидки,0.0
МурОбл,2023-07,доставка,72.4
МурОбл,2023-07,ипотека,22.4
МурОбл,2023-07,кредит,68.4
МурОбл,2023-07,купить онлайн,15.8
МурОбл,2023-07,маркетплейс,0.0
МурОбл,2023-07,распродажа,0.0
МурОбл,2023-07,скидки,0.0
МурОбл,2023-08,доставка,64.25
МурОбл,2023-08,ипотека,34.75
МурОбл,2023-08,кредит,65.0
МурОбл,2023-08,купить онлайн,0.0
МурОбл,2023-08,маркетплейс,0.0
МурОбл,2023-08,распродажа,0.0
МурОбл,2023-08,скидки,0.0
МурОбл,2023-09,доставка,58.0
МурОбл,2023-09,ипотека,25.5
МурОбл,2023-09,кредит,56.0
МурОбл,2023-09,купить онлайн,18.5
МурОбл,2023-09,маркетплейс,0.0
МурОбл,2023-09,распродажа,0.0
МурОбл,2023-09,скидки,0.0
МурОбл,2023-10,доставка,64.4
МурОбл,2023-10,ипотека,47.8
МурОбл,2023-10,кредит,59.2
МурОбл,2023-10,купить онлайн,14.8
МурОбл,2023-10,маркетплейс,0.0
МурОбл,2023-10,распродажа,0.0
МурОбл,2023-10,скидки,0.0
МурОбл,2023-11,доставка,58.5
МурОбл,2023-11,ипотека,46.75
МурОбл,2023-11,кредит,54.75
МурОбл,2023-11,купить онлайн,0.0
МурОбл,2023-11,маркетплейс,0.0
МурОбл,2023-11,распродажа,0.0
МурОбл,2023-11,скидки,43.75
МурОбл,2023-12,доставка,77.8
МурОбл,2023-12,ипотека,30.4
МурОбл,2023-12,кредит,53.0
МурОбл,2023-12,купить онлайн,15.4
МурОбл,2023-12,маркетплейс,0.0
МурОбл,2023-12,распродажа,0.0
МурОбл,2023-12,скидки,15.6
МурОбл,2024-01,доставка,61.5
МурОбл,2024-01,ипотека,38.5
МурОбл,2024-01,кредит,52.0
МурОбл,2024-01,купить онлайн,25.0
МурОбл,2024-01,маркетплейс,0.0
МурОбл,2024-01,распродажа,0.0
МурОбл,2024-01,скидки,0.0
МурОбл,2024-02,доставка,67.5
МурОбл,2024-02,ипотека,46.5
МурОбл,2024-02,кредит,58.5
МурОбл,2024-02,купить онлайн,0.0
МурОбл,2024-02,маркетплейс,0.0
МурОбл,2024-02,распродажа,0.0
МурОбл,2024-02,скидки,0.0
МурОбл,2024-03,доставка,62.4
МурОбл,2024-03,ипотека,33.2
МурОбл,2024-03,кредит,60.8
МурОбл,2024-03,купить онлайн,0.0
МурОбл,2024-03,маркетплейс,0.0
МурОбл,2024-03,распродажа,0.0
МурОбл,2024-03,скидки,0.0
МурОбл,2024-04,доставка,60.0
МурОбл,2024-04,ипотека,37.0
МурОбл,2024-04,кредит,56.5
МурОбл,2024-04,купить онлайн,0.0
МурОбл,2024-04,маркетплейс,25.0
МурОбл,2024-04,распродажа,0.0
МурОбл,2024-04,скидки,0.0
МурОбл,2024-05,доставка,54.75
МурОбл,2024-05,ипотека,37.5
МурОбл,2024-05,кредит,64.75
МурОбл,2024-05,купить онлайн,44.0
МурОбл,2024-05,маркетплейс,0.0
МурОбл,2024-05,распродажа,0.0
МурОбл,2024-05,скидки,0.0
МурОбл,2024-06,доставка,52.2
МурОбл,2024-06,ипотека,36.2
МурОбл,2024-06,кредит,55.8
МурОбл,2024-06,купить онлайн,0.0
МурОбл,2024-06,маркетплейс,0.0
МурОбл,2024-06,распродажа,0.0
МурОбл,2024-06,скидки,20.0
МурОбл,2024-07,доставка,68.0
МурОбл,2024-07,ипотека,51.25
МурОбл,2024-07,кредит,59.25
МурОбл,2024-07,купить онлайн,0.0
МурОбл,2024-07,маркетплейс,0.0
МурОбл,2024-07,распродажа,0.0
МурОбл,2024-07,скидки,0.0
МурОбл,2024-08,доставка,54.5
МурОбл,2024-08,ипотека,31.0
МурОбл,2024-08,кредит,58.5
МурОбл,2024-08,купить онлайн,0.0
МурОбл,2024-08,маркетплейс,0.0
МурОбл,2024-08,распродажа,0.0
МурОбл,2024-08,скидки,0.0
МурОбл,2024-09,доставка,51.2
МурОбл,2024-09,ипотека,37.6
МурОбл,2024-09,кредит,48.0
МурОбл,2024-09,купить онлайн,0.0
МурОбл,2024-09,маркетплейс,0.0
МурОбл,2024-09,распродажа,0.0
МурОбл,2024-09,скидки,0.0
МурОбл,2024-10,доставка,55.75
МурОбл,2024-10,ипотека,44.25
МурОбл,2024-10,кредит,61.0
МурОбл,2024-10,купить онлайн,0.0
МурОбл,2024-10,маркетплейс,0.0
МурОбл,2024-10,распродажа,0.0
МурОбл,2024-10,скидки,0.0
МурОбл,2024-11,доставка,49.75
МурОбл,2024-11,ипотека,40.5
МурОбл,2024-11,кредит,50.25
МурОбл,2024-11,купить онлайн,0.0
МурОбл,2024-11,маркетплейс,0.0
МурОбл,2024-11,распродажа,0.0
МурОбл,2024-11,скидки,0.0
МурОбл,2024-12,доставка,58.6
МурОбл,2024-12,ипотека,27.2
МурОбл,2024-12,кредит,42.2
МурОбл,2024-12,купить онлайн,0.0
МурОбл,2024-12,маркетплейс,0.0
МурОбл,2024-12,распродажа,20.0
МурОбл,2024-12,скидки,19.4
НАО,2023-01,кредит,0.0
НАО,2023-01,скидки,0.0
НАО,2023-02,кредит,0.0
НАО,2023-02,скидки,0.0
НАО,2023-03,кредит,0.0
НАО,2023-03,скидки,0.0
НАО,2023-04,кредит,0.0
НАО,2023-04,скидки,0.0
НАО,2023-05,кредит,0.0
НАО,2023-05,скидки,0.0
НАО,2023-06,кредит,0.0
НАО,2023-06,скидки,0.0
НАО,2023-07,кредит,0.0
НАО,2023-07,скидки,0.0
НАО,2023-08,кредит,0.0
НАО,2023-08,скидки,0.0
НАО,2023-09,кредит,0.0
НАО,2023-09,скидки,0.0
НАО,2023-10,кредит,0.0
НАО,2023-10,скидки,0.0
НАО,2023-11,кредит,0.0
НАО,2023-11,скидки,0.0
НАО,2023-12,кредит,0.0
НАО,2023-12,скидки,0.0
НАО,2024-01,кредит,0.0
НАО,2024-01,скидки,0.0
НАО,2024-02,кредит,0.0
НАО,2024-02,скидки,0.0
НАО,2024-03,кредит,0.0
НАО,2024-03,скидки,0.0
НАО,2024-04,кредит,25.0
НАО,2024-04,скидки,0.0
НАО,2024-05,кредит,0.0
НАО,2024-05,скидки,0.0
НАО,2024-06,кредит,0.0
НАО,2024-06,скидки,0.0
НАО,2024-07,кредит,0.0
НАО,2024-07,скидки,0.0
НАО,2024-08,кредит,0.0
НАО,2024-08,скидки,0.0
НАО,2024-09,кредит,0.0
НАО,2024-09,скидки,20.0
НАО,2024-10,кредит,0.0
НАО,2024-10,скидки,0.0
НАО,2024-11,кредит,0.0
НАО,2024-11,скидки,0.0
НАО,2024-12,кредит,0.0
НАО,2024-12,скидки,0.0
НовОбл,2023-01,доставка,48.6
НовОбл,2023-01,ипотека,10.8
НовОбл,2023-01,кредит,57.6
НовОбл,2023-01,купить онлайн,0.0
НовОбл,2023-01,маркетплейс,0.0
НовОбл,2023-01,распродажа,0.0
НовОбл,2023-01,скидки,0.0
НовОбл,2023-02,доставка,54.5
НовОбл,2023-02,ипотека,0.0
НовОбл,2023-02,кредит,45.5
НовОбл,2023-02,купить онлайн,22.75
НовОбл,2023-02,маркетплейс,0.0
НовОбл,2023-02,распродажа,0.0
НовОбл,2023-02,скидки,0.0
НовОбл,2023-03,доставка,55.5
НовОбл,2023-03,ипотека,21.75
НовОбл,2023-03,кредит,62.75
НовОбл,2023-03,купить онлайн,0.0
НовОбл,2023-03,маркетплейс,0.0
НовОбл,2023-03,распродажа,0.0
НовОбл,2023-03,скидки,16.25
НовОбл,2023-04,доставка,39.2
НовОбл,2023-04,ипотека,10.8
НовОбл,2023-04,кредит,64.4
НовОбл,2023-04,купить онлайн,20.0
НовОбл,2023-04,маркетплейс,0.0
НовОбл,2023-04,распродажа,0.0
НовОбл,2023-04,скидки,0.0
НовОбл,2023-05,доставка,44.75
НовОбл,2023-05,ипотека,14.0
НовОбл,2023-05,кредит,67.0
НовОбл,2023-05,купить онлайн,0.0
НовОбл,2023-05,маркетплейс,0.0
НовОбл,2023-05,распродажа,0.0
НовОбл,2023-05,скидки,0.0
НовОбл,2023-06,доставка,47.75
НовОбл,2023-06,ипотека,34.5
НовОбл,2023-06,кредит,56.25
НовОбл,2023-06,купить онлайн,0.0
НовОбл,2023-06,маркетплейс,0.0
НовОбл,2023-06,распродажа,0.0
НовОбл,2023-06,скидки,0.0
НовОбл,2023-07,доставка,58.0
НовОбл,2023-07,ипотека,21.6
НовОбл,2023-07,кредит,60.6
НовОбл,2023-07,купить онлайн,18.6
НовОбл,2023-07,маркетплейс,0.0
НовОбл,2023-07,распродажа,0.0
НовОбл,2023-07,скидки,20.0
НовОбл,2023-08,доставка,48.5
НовОбл,2023-08,ипотека,16.5
НовОбл,2023-08,кредит,52.5
НовОбл,2023-08,купить онлайн,0.0
НовОбл,2023-08,маркетплейс,0.0
НовОбл,2023-08,распродажа,0.0
НовОбл,2023-08,скидки,21.25
НовОбл,2023-09,доставка,50.5
НовОбл,2023-09,ипотека,15.25
НовОбл,2023-09,кредит,50.0
НовОбл,2023-09,купить онлайн,0.0
НовОбл,2023-09,маркетплейс,0.0
НовОбл,2023-09,распродажа,25.0
НовОбл,2023-09,скидки,0.0
НовОбл,2023-10,доставка,49.8
НовОбл,2023-10,ипотека,15.8
НовОбл,2023-10,кредит,63.6
НовОбл,2023-10,купить онлайн,0.0
НовОбл,2023-10,маркетплейс,0.0
НовОбл,2023-10,распродажа,0.0
НовОбл,2023-10,скидки,0.0
НовОбл,2023-11,доставка,61.25
НовОбл,2023-11,ипотека,52.0
НовОбл,2023-11,кредит,37.75
НовОбл,2023-11,купить онлайн,0.0
НовОбл,2023-11,маркетплейс,0.0
НовОбл,2023-11,распродажа,0.0
НовОбл,2023-11,скидки,17.5
НовОбл,2023-12,доставка,76.4
НовОбл,2023-12,ипотека,0.0
НовОбл,2023-12,кредит,31.0
НовОбл,2023-12,купить онлайн,0.0
НовОбл,2023-12,маркетплейс,0.0
НовОбл,2023-12,распродажа,0.0
НовОбл,2023-12,скидки,0.0
НовОбл,2024-01,доставка,44.25
НовОбл,2024-01,ипотека,35.0
НовОбл,2024-01,кредит,32.5
НовОбл,2024-01,купить онлайн,0.0
НовОбл,2024-01,маркетплейс,0.0
НовОбл,2024-01,распродажа,0.0
НовОбл,2024-01,скидки,0.0
НовОбл,2024-02,доставка,48.25
НовОбл,2024-02,ипотека,0.0
НовОбл,2024-02,кредит,65.0
НовОбл,2024-02,купить онлайн,0.0
НовОбл,2024-02,маркетплейс,0.0
НовОбл,2024-02,распродажа,0.0
НовОбл,2024-02,скидки,0.0
НовОбл,2024-03,доставка,56.4
НовОбл,2024-03,ипотека,12.8
НовОбл,2024-03,кредит,55.2
НовОбл,2024-03,купить онлайн,0.0
НовОбл,2024-03,маркетплейс,0.0
НовОбл,2024-03,распродажа,0.0
НовОбл,2024-03,скидки,0.0
НовОбл,2024-04,доставка,52.0
НовОбл,2024-04,ипотека,18.75
НовОбл,2024-04,кредит,68.5
НовОбл,2024-04,купить онлайн,0.0
НовОбл,2024-04,маркетплейс,0.0
НовОбл,2024-04,распродажа,0.0
НовОбл,2024-04,скидки,0.0
НовОбл,2024-05,доставка,47.25
НовОбл,2024-05,ипотека,17.0
НовОбл,2024-05,кредит,31.0
НовОбл,2024-05,купить онлайн,0.0
НовОбл,2024-05,маркетплейс,0.0
НовОбл,2024-05,распродажа,0.0
НовОбл,2024-05,скидки,0.0
НовОбл,2024-06,доставка,53.2
НовОбл,2024-06,ипотека,30.8
НовОбл,2024-06,кредит,40.2
НовОбл,2024-06,купить онлайн,0.0
НовОбл,2024-06,маркетплейс,0.0
НовОбл,2024-06,распродажа,0.0
НовОбл,2024-06,скидки,0.0
НовОбл,2024-07,доставка,47.5
НовОбл,2024-07,ипотека,37.5
НовОбл,2024-07,кредит,60.75
НовОбл,2024-07,купить онлайн,0.0
НовОбл,2024-07,маркетплейс,25.0
НовОбл,2024-07,распродажа,0.0
НовОбл,2024-07,скидки,0.0
НовОбл,2024-08,доставка,54.0
НовОбл,2024-08,ипотека,0.0
НовОбл,2024-08,кредит,60.25
НовОбл,2024-08,купить онлайн,0.0
НовОбл,2024-08,маркетплейс,0.0
НовОбл,2024-08,распродажа,0.0
НовОбл,2024-08,скидки,0.0
НовОбл,2024-09,доставка,46.0
НовОбл,2024-09,ипотека,53.6
НовОбл,2024-09,кредит,68.6
НовОбл,2024-09,купить онлайн,0.0
НовОбл,2024-09,маркетплейс,0.0
НовОбл,2024-09,распродажа,0.0
НовОбл,2024-09,скидки,0.0
НовОбл,2024-10,доставка,48.75
НовОбл,2024-10,ипотека,57.5
НовОбл,2024-10,кредит,64.25
НовОбл,2024-10,купить онлайн,0.0
НовОбл,2024-10,маркетплейс,0.0
НовОбл,2024-10,распродажа,0.0
НовОбл,2024-10,скидки,0.0
НовОбл,2024-11,доставка,39.75
НовОбл,2024-11,ипотека,22.25
НовОбл,2024-11,кредит,42.0
НовОбл,2024-11,купить онлайн,0.0
НовОбл,2024-11,маркетплейс,0.0
НовОбл,2024-11,распродажа,0.0
НовОбл,2024-11,скидки,0.0
НовОбл,2024-12,доставка,52.8
НовОбл,2024-12,ипотека,0.0
НовОбл,2024-12,кредит,10.0
НовОбл,2024-12,купить онлайн,0.0
НовОбл,2024-12,маркетплейс,0.0
НовОбл,2024-12,распродажа,0.0
НовОбл,2024-12,скидки,0.0
ПскОбл,2023-01,доставка,47.0
ПскОбл,2023-01,ипотека,19.8
ПскОбл,2023-01,кредит,55.8
ПскОбл,2023-01,купить онлайн,0.0
ПскОбл,2023-01,распродажа,0.0
ПскОбл,2023-01,скидки,0.0
ПскОбл,2023-02,доставка,60.25
ПскОбл,2023-02,ипотека,25.75
ПскОбл,2023-02,кредит,63.25
ПскОбл,2023-02,купить онлайн,18.0
ПскОбл,2023-02,распродажа,0.0
ПскОбл,2023-02,скидки,0.0
ПскОбл,2023-03,доставка,60.25
ПскОбл,2023-03,ипотека,0.0
ПскОбл,2023-03,кредит,70.75
ПскОбл,2023-03,купить онлайн,24.5
ПскОбл,2023-03,распродажа,14.0
ПскОбл,2023-03,скидки,25.0
ПскОбл,2023-04,доставка,50.8
ПскОбл,2023-04,ипотека,0.0
ПскОбл,2023-04,кредит,56.8
ПскОбл,2023-04,купить онлайн,0.0
ПскОбл,2023-04,распродажа,0.0
ПскОбл,2023-04,скидки,0.0
ПскОбл,2023-05,доставка,44.5
ПскОбл,2023-05,ипотека,11.0
ПскОбл,2023-05,кредит,68.75
ПскОбл,2023-05,купить онлайн,0.0
ПскОбл,2023-05,распродажа,0.0
ПскОбл,2023-05,скидки,20.25
ПскОбл,2023-06,доставка,71.0
ПскОбл,2023-06,ипотека,10.0
ПскОбл,2023-06,кредит,53.75
ПскОбл,2023-06,купить онлайн,18.0
ПскОбл,2023-06,распродажа,0.0
ПскОбл,2023-06,скидки,0.0
ПскОбл,2023-07,доставка,62.4
ПскОбл,2023-07,ипотека,0.0
ПскОбл,2023-07,кредит,65.2
ПскОбл,2023-07,купить онлайн,0.0
ПскОбл,2023-07,распродажа,0.0
ПскОбл,2023-07,скидки,0.0
ПскОбл,2023-08,доставка,66.0
ПскОбл,2023-08,ипотека,0.0
ПскОбл,2023-08,кредит,45.0
ПскОбл,2023-08,купить онлайн,0.0
ПскОбл,2023-08,распродажа,0.0
ПскОбл,2023-08,скидки,0.0
ПскОбл,2023-09,доставка,66.5
ПскОбл,2023-09,ипотека,20.25
ПскОбл,2023-09,кредит,61.5
ПскОбл,2023-09,купить онлайн,0.0
ПскОбл,2023-09,распродажа,0.0
ПскОбл,2023-09,скидки,0.0
ПскОбл,2023-10,доставка,61.2
ПскОбл,2023-10,ипотека,0.0
ПскОбл,2023-10,кредит,53.2
ПскОбл,2023-10,купить онлайн,0.0
ПскОбл,2023-10,распродажа,0.0
ПскОбл,2023-10,скидки,18.4
ПскОбл,2023-11,доставка,60.25
ПскОбл,2023-11,ипотека,19.0
ПскОбл,2023-11,кредит,52.75
ПскОбл,2023-11,купить онлайн,0.0
ПскОбл,2023-11,распродажа,0.0
ПскОбл,2023-11,скидки,0.0
ПскОбл,2023-12,доставка,60.0
ПскОбл,2023-12,ипотека,6.8
ПскОбл,2023-12,кредит,71.0
ПскОбл,2023-12,купить онлайн,0.0
ПскОбл,2023-12,распродажа,0.0
ПскОбл,2023-12,скидки,0.0
ПскОбл,2024-01,доставка,56.0
ПскОбл,2024-01,ипотека,14.25
ПскОбл,2024-01,кредит,62.25
ПскОбл,2024-01,купить онлайн,0.0
ПскОбл,2024-01,распродажа,0.0
ПскОбл,2024-01,скидки,0.0
ПскОбл,2024-02,доставка,64.25
ПскОбл,2024-02,ипотека,10.25
ПскОбл,2024-02,кредит,69.5
ПскОбл,2024-02,купить онлайн,24.0
ПскОбл,2024-02,распродажа,25.0
ПскОбл,2024-02,скидки,0.0
ПскОбл,2024-03,доставка,68.6
ПскОбл,2024-03,ипотека,17.4
ПскОбл,2024-03,кредит,45.0
ПскОбл,2024-03,купить онлайн,0.0
ПскОбл,2024-03,распродажа,0.0
ПскОбл,2024-03,скидки,0.0
ПскОбл,2024-04,доставка,68.75
ПскОбл,2024-04,ипотека,10.75
ПскОбл,2024-04,кредит,42.5
ПскОбл,2024-04,купить онлайн,0.0
ПскОбл,2024-04,распродажа,0.0
ПскОбл,2024-04,скидки,0.0
ПскОбл,2024-05,доставка,64.25
ПскОбл,2024-05,ипотека,14.0
ПскОбл,2024-05,кредит,73.0
ПскОбл,2024-05,купить онлайн,0.0
ПскОбл,2024-05,распродажа,0.0
ПскОбл,2024-05,скидки,0.0
ПскОбл,2024-06,доставка,63.0
ПскОбл,2024-06,ипотека,10.0
ПскОбл,2024-06,кредит,71.0
ПскОбл,2024-06,купить онлайн,0.0
ПскОбл,2024-06,распродажа,0.0
ПскОбл,2024-06,скидки,0.0
ПскОбл,2024-07,доставка,61.75
ПскОбл,2024-07,ипотека,19.25
ПскОбл,2024-07,кредит,61.5
ПскОбл,2024-07,купить онлайн,0.0
ПскОбл,2024-07,распродажа,0.0
ПскОбл,2024-07,скидки,0.0
ПскОбл,2024-08,доставка,78.5
ПскОбл,2024-08,ипотека,0.0
ПскОбл,2024-08,кредит,42.0
ПскОбл,2024-08,купить онлайн,25.0
ПскОбл,2024-08,распродажа,0.0
ПскОбл,2024-08,скидки,0.0
ПскОбл,2024-09,доставка,58.6
ПскОбл,2024-09,ипотека,11.4
ПскОбл,2024-09,кредит,45.2
ПскОбл,2024-09,купить онлайн,0.0
ПскОбл,2024-09,распродажа,0.0
ПскОбл,2024-09,скидки,0.0
ПскОбл,2024-10,доставка,64.5
ПскОбл,2024-10,ипотека,25.0
ПскОбл,2024-10,кредит,42.0
ПскОбл,2024-10,купить онлайн,0.0
ПскОбл,2024-10,распродажа,0.0
ПскОбл,2024-10,скидки,0.0
ПскОбл,2024-11,доставка,57.75
ПскОбл,2024-11,ипотека,11.0
ПскОбл,2024-11,кредит,54.25
ПскОбл,2024-11,купить онлайн,0.0
ПскОбл,2024-11,распродажа,0.0
ПскОбл,2024-11,скидки,0.0
ПскОбл,2024-12,доставка,69.4
ПскОбл,2024-12,ипотека,10.2
ПскОбл,2024-12,кредит,30.4
ПскОбл,2024-12,купить онлайн,0.0
ПскОбл,2024-12,распродажа,0.0
ПскОбл,2024-12,скидки,0.0
СПб,2023-01,доставка,58.6
СПб,2023-01,ипотека,41.4
СПб,2023-01,кредит,80.0
СПб,2023-01,купить онлайн,79.0
СПб,2023-01,маркетплейс,61.8
СПб,2023-01,распродажа,62.4
СПб,2023-01,скидки,88.8
СПб,2023-02,доставка,61.75
СПб,2023-02,ипотека,36.75
СПб,2023-02,кредит,80.75
СПб,2023-02,купить онлайн,72.0
СПб,2023-02,маркетплейс,50.5
СПб,2023-02,распродажа,58.75
СПб,2023-02,скидки,89.25
СПб,2023-03,доставка,66.5
СПб,2023-03,ипотека,40.25
СПб,2023-03,кредит,87.5
СПб,2023-03,купить онлайн,68.25
СПб,2023-03,маркетплейс,56.75
СПб,2023-03,распродажа,65.75
СПб,2023-03,скидки,86.75
СПб,2023-04,доставка,50.8
СПб,2023-04,ипотека,36.0
СПб,2023-04,кредит,87.2
СПб,2023-04,купить онлайн,61.0
СПб,2023-04,маркетплейс,55.8
СПб,2023-04,распродажа,50.0
СПб,2023-04,скидки,84.4
СПб,2023-05,доставка,54.25
СПб,2023-05,ипотека,35.0
СПб,2023-05,кредит,85.0
СПб,2023-05,купить онлайн,74.25
СПб,2023-05,маркетплейс,56.0
СПб,2023-05,распродажа,57.25
СПб,2023-05,скидки,79.5
СПб,2023-06,доставка,54.75
СПб,2023-06,ипотека,33.0
СПб,2023-06,кредит,87.25
СПб,2023-06,купить онлайн,77.75
СПб,2023-06,маркетплейс,57.0
СПб,2023-06,распродажа,70.0
СПб,2023-06,скидки,82.5
СПб,2023-07,доставка,55.6
СПб,2023-07,ипотека,46.0
СПб,2023-07,кредит,88.8
СПб,2023-07,купить онлайн,85.0
СПб,2023-07,маркетплейс,64.0
СПб,2023-07,распродажа,56.8
СПб,2023-07,скидки,90.4
СПб,2023-08,доставка,56.75
СПб,2023-08,ипотека,59.5
СПб,2023-08,кредит,92.5
СПб,2023-08,купить онлайн,75.25
СПб,2023-08,маркетплейс,74.25
СПб,2023-08,распродажа,56.0
СПб,2023-08,скидки,85.5
СПб,2023-09,доставка,56.5
СПб,2023-09,ипотека,51.75
СПб,2023-09,кредит,77.25
СПб,2023-09,купить онлайн,65.75
СПб,2023-09,маркетплейс,56.0
СПб,2023-09,распродажа,50.25
СПб,2023-09,скидки,70.25
СПб,2023-10,доставка,56.6
СПб,2023-10,ипотека,44.0
СПб,2023-10,кредит,79.4
СПб,2023-10,купить онлайн,63.6
СПб,2023-10,маркетплейс,67.0
СПб,2023-10,распродажа,65.8
СПб,2023-10,скидки,79.8
СПб,2023-11,доставка,58.25
СПб,2023-11,ипотека,43.25
СПб,2023-11,кредит,79.5
СПб,2023-11,купить онлайн,57.25
СПб,2023-11,маркетплейс,55.5
СПб,2023-11,распродажа,81.25
СПб,2023-11,скидки,93.5
СПб,2023-12,доставка,67.6
СПб,2023-12,ипотека,40.2
СПб,2023-12,кредит,73.4
СПб,2023-12,купить онлайн,72.8
СПб,2023-12,маркетплейс,60.6
СПб,2023-12,распродажа,59.2
СПб,2023-12,скидки,80.6
СПб,2024-01,доставка,54.75
СПб,2024-01,ипотека,51.0
СПб,2024-01,кредит,84.25
СПб,2024-01,купить онлайн,58.5
СПб,2024-01,маркетплейс,66.75
СПб,2024-01,распродажа,51.5
СПб,2024-01,скидки,72.75
СПб,2024-02,доставка,59.0
СПб,2024-02,ипотека,48.75
СПб,2024-02,кредит,81.0
СПб,2024-02,купить онлайн,54.75
СПб,2024-02,маркетплейс,56.25
СПб,2024-02,распродажа,49.0
СПб,2024-02,скидки,75.0
СПб,2024-03,доставка,55.2
СПб,2024-03,ипотека,44.2
СПб,2024-03,кредит,76.0
СПб,2024-03,купить онлайн,59.0
СПб,2024-03,маркетплейс,62.6
СПб,2024-03,распродажа,44.8
СПб,2024-03,скидки,70.6
СПб,2024-04,доставка,48.0
СПб,2024-04,ипотека,48.25
СПб,2024-04,кредит,75.75
СПб,2024-04,купить онлайн,52.0
СПб,2024-04,маркетплейс,69.0
СПб,2024-04,распродажа,41.5
СПб,2024-04,скидки,72.0
СПб,2024-05,доставка,46.25
СПб,2024-05,ипотека,49.5
СПб,2024-05,кредит,76.5
СПб,2024-05,купить онлайн,53.5
СПб,2024-05,маркетплейс,55.0
СПб,2024-05,распродажа,32.5
СПб,2024-05,скидки,69.5
СПб,2024-06,доставка,50.4
СПб,2024-06,ипотека,66.6
СПб,2024-06,кредит,78.6
СПб,2024-06,купить онлайн,65.6
СПб,2024-06,маркетплейс,51.6
СПб,2024-06,распродажа,60.8
СПб,2024-06,скидки,71.0
СПб,2024-07,доставка,52.0
СПб,2024-07,ипотека,82.0
СПб,2024-07,кредит,88.5
СПб,2024-07,купить онлайн,71.75
СПб,2024-07,маркетплейс,53.25
СПб,2024-07,распродажа,43.5
СПб,2024-07,скидки,78.75
СПб,2024-08,доставка,52.0
СПб,2024-08,ипотека,52.25
СПб,2024-08,кредит,83.75
СПб,2024-08,купить онлайн,70.75
СПб,2024-08,маркетплейс,61.5
СПб,2024-08,распродажа,42.5
СПб,2024-08,скидки,73.0
СПб,2024-09,доставка,49.6
СПб,2024-09,ипотека,47.8
СПб,2024-09,кредит,70.4
СПб,2024-09,купить онлайн,53.0
СПб,2024-09,маркетплейс,38.6
СПб,2024-09,распродажа,41.6
СПб,2024-09,скидки,75.0
СПб,2024-10,доставка,47.0
СПб,2024-10,ипотека,49.5
СПб,2024-10,кредит,78.75
СПб,2024-10,купить онлайн,56.75
СПб,2024-10,маркетплейс,65.0
СПб,2024-10,распродажа,55.5
СПб,2024-10,скидки,74.5
СПб,2024-11,доставка,49.5
СПб,2024-11,ипотека,42.75
СПб,2024-11,кредит,69.0
СПб,2024-11,купить онлайн,48.0
СПб,2024-11,маркетплейс,67.75
СПб,2024-11,распродажа,61.25
СПб,2024-11,скидки,82.25
СПб,2024-12,доставка,53.4
СПб,2024-12,ипотека,33.8
СПб,2024-12,кредит,62.2
СПб,2024-12,купить онлайн,55.4
СПб,2024-12,маркетплейс,44.0
СПб,2024-12,распродажа,59.2
СПб,2024-12,скидки,77.8
