region,region_raw,year,period,income_rub_month
Карелия,Республика Карелия,2023,I кв.,45504.0
Карелия,Республика Карелия,2023,II кв.,52272.0
Карелия,Республика Карелия,2023,III кв.,55282.0
Карелия,Республика Карелия,2023,IV кв.,58406.0
Карелия,Республика Карелия,2024,I кв.,50611.0
Карелия,Республика Карелия,2024,II кв.,58084.0
Карелия,Республика Карелия,2024,III кв.,64907.0
Карелия,Республика Карелия,2024,IV кв.,75490.0
Карелия,Республика Карелия,2025,I кв.,61560.0
Карелия,Республика Карелия,2025,II кв.,73642.0
Карелия,Республика Карелия,2025,III кв.,79284.0
Карелия,Республика Карелия,2025,IV кв.,82851.0
Коми,Республика Коми,2023,I кв.,45061.0
Коми,Республика Коми,2023,II кв.,50422.0
Коми,Республика Коми,2023,III кв.,55540.0
Коми,Республика Коми,2023,IV кв.,72686.0
Коми,Республика Коми,2024,I кв.,51057.0
Коми,Республика Коми,2024,II кв.,59123.0
Коми,Республика Коми,2024,III кв.,63329.0
Коми,Республика Коми,2024,IV кв.,79211.0
Коми,Республика Коми,2025,I кв.,58005.0
Коми,Республика Коми,2025,II кв.,67254.0
Коми,Республика Коми,2025,III кв.,72231.0
Коми,Республика Коми,2025,IV кв.,90250.0
АрхОбл,Архангельская область,2023,I кв.,49971.0
АрхОбл,Архангельская область,2023,II кв.,53935.0
АрхОбл,Архангельская область,2023,III кв.,58195.0
АрхОбл,Архангельская область,2023,IV кв.,72875.0
АрхОбл,Архангельская область,2024,I кв.,58156.0
АрхОбл,Архангельская область,2024,II кв.,62859.0
АрхОбл,Архангельская область,2024,III кв.,69814.0
АрхОбл,Архангельская область,2024,IV кв.,77539.0
АрхОбл,Архангельская область,2025,I кв.,68130.0
АрхОбл,Архангельская область,2025,II кв.,68104.0
АрхОбл,Архангельская область,2025,III кв.,80940.0
АрхОбл,Архангельская область,2025,IV кв.,85588.0
НАО,Ненецкий автономный округ,2023,I кв.,107510.0
НАО,Ненецкий автономный округ,2023,II кв.,130796.0
НАО,Ненецкий автономный округ,2023,III кв.,133810.0
НАО,Ненецкий автономный округ,2023,IV кв.,145916.0
НАО,Ненецкий автономный округ,2024,I кв.,124598.0
НАО,Ненецкий автономный округ,2024,II кв.,130403.0
НАО,Ненецкий автономный округ,2024,III кв.,143302.0
НАО,Ненецкий автономный округ,2024,IV кв.,173582.0
НАО,Ненецкий автономный округ,2025,I кв.,146964.0
НАО,Ненецкий автономный округ,2025,II кв.,152014.0
НАО,Ненецкий автономный округ,2025,III кв.,172070.0
НАО,Ненецкий автономный округ,2025,IV кв.,188798.0
АрхОбл,Архангельская область без автономного округа,2023,I кв.,47501.0
АрхОбл,Архангельская область без автономного округа,2023,II кв.,50636.0
АрхОбл,Архангельская область без автономного округа,2023,III кв.,54949.0
АрхОбл,Архангельская область без автономного округа,2023,IV кв.,69741.0
АрхОбл,Архангельская область без автономного округа,2024,I кв.,55221.0
АрхОбл,Архангельская область без автономного округа,2024,II кв.,59875.0
АрхОбл,Архангельская область без автономного округа,2024,III кв.,66567.0
АрхОбл,Архангельская область без автономного округа,2024,IV кв.,73296.0
АрхОбл,Архангельская область без автономного округа,2025,I кв.,64643.0
АрхОбл,Архангельская область без автономного округа,2025,II кв.,64393.0
АрхОбл,Архангельская область без автономного округа,2025,III кв.,76909.0
АрхОбл,Архангельская область без автономного округа,2025,IV кв.,81023.0
ВолОбл,Вологодская область,2023,I кв.,36965.0
ВолОбл,Вологодская область,2023,II кв.,38881.0
ВолОбл,Вологодская область,2023,III кв.,40181.0
ВолОбл,Вологодская область,2023,IV кв.,54245.0
ВолОбл,Вологодская область,2024,I кв.,42907.0
ВолОбл,Вологодская область,2024,II кв.,48508.0
ВолОбл,Вологодская область,2024,III кв.,51607.0
ВолОбл,Вологодская область,2024,IV кв.,63670.0
ВолОбл,Вологодская область,2025,I кв.,51340.0
ВолОбл,Вологодская область,2025,II кв.,54464.0
ВолОбл,Вологодская область,2025,III кв.,61684.0
ВолОбл,Вологодская область,2025,IV кв.,72322.0
КалОбл,Калининградская область,2023,I кв.,36864.0
КалОбл,Калининградская область,2023,II кв.,40532.0
КалОбл,Калининградская область,2023,III кв.,43487.0
КалОбл,Калининградская область,2023,IV кв.,53423.0
КалОбл,Калининградская область,2024,I кв.,43315.0
КалОбл,Калининградская область,2024,II кв.,48806.0
КалОбл,Калининградская область,2024,III кв.,53767.0
КалОбл,Калининградская область,2024,IV кв.,68328.0
КалОбл,Калининградская область,2025,I кв.,53230.0
КалОбл,Калининградская область,2025,II кв.,57087.0
КалОбл,Калининградская область,2025,III кв.,64792.0
КалОбл,Калининградская область,2025,IV кв.,76658.0
ЛенОбл,Ленинградская область,2023,I кв.,38616.0
ЛенОбл,Ленинградская область,2023,II кв.,43345.0
ЛенОбл,Ленинградская область,2023,III кв.,44170.0
ЛенОбл,Ленинградская область,2023,IV кв.,58370.0
ЛенОбл,Ленинградская область,2024,I кв.,48895.0
ЛенОбл,Ленинградская область,2024,II кв.,52047.0
ЛенОбл,Ленинградская область,2024,III кв.,53865.0
ЛенОбл,Ленинградская область,2024,IV кв.,65701.0
ЛенОбл,Ленинградская область,2025,I кв.,59403.0
ЛенОбл,Ленинградская область,2025,II кв.,60777.0
ЛенОбл,Ленинградская область,2025,III кв.,66168.0
ЛенОбл,Ленинградская область,2025,IV кв.,75751.0
МурОбл,Мурманская область,2023,I кв.,68478.0
МурОбл,Мурманская область,2023,II кв.,72303.0
МурОбл,Мурманская область,2023,III кв.,76824.0
МурОбл,Мурманская область,2023,IV кв.,85019.0
МурОбл,Мурманская область,2024,I кв.,76995.0
МурОбл,Мурманская область,2024,II кв.,84419.0
МурОбл,Мурманская область,2024,III кв.,85724.0
МурОбл,Мурманская область,2024,IV кв.,98271.0
МурОбл,Мурманская область,2025,I кв.,87074.0
МурОбл,Мурманская область,2025,II кв.,94818.0
МурОбл,Мурманская область,2025,III кв.,95228.0
МурОбл,Мурманская область,2025,IV кв.,109053.0
НовОбл,Новгородская область,2023,I кв.,31046.0
НовОбл,Новгородская область,2023,II кв.,36853.0
НовОбл,Новгородская область,2023,III кв.,39362.0
НовОбл,Новгородская область,2023,IV кв.,47745.0
НовОбл,Новгородская область,2024,I кв.,37893.0
НовОбл,Новгородская область,2024,II кв.,42804.0
НовОбл,Новгородская область,2024,III кв.,45215.0
НовОбл,Новгородская область,2024,IV кв.,57956.0
НовОбл,Новгородская область,2025,I кв.,44947.0
НовОбл,Новгородская область,2025,II кв.,51477.0
НовОбл,Новгородская область,2025,III кв.,54480.0
НовОбл,Новгородская область,2025,IV кв.,67187.0
ПскОбл,Псковская область,2023,I кв.,31977.0
ПскОбл,Псковская область,2023,II кв.,37529.0
ПскОбл,Псковская область,2023,III кв.,41211.0
ПскОбл,Псковская область,2023,IV кв.,47973.0
ПскОбл,Псковская область,2024,I кв.,39519.0
ПскОбл,Псковская область,2024,II кв.,42645.0
ПскОбл,Псковская область,2024,III кв.,46894.0
ПскОбл,Псковская область,2024,IV кв.,57300.0
ПскОбл,Псковская область,2025,I кв.,48335.0
ПскОбл,Псковская область,2025,II кв.,52259.0
ПскОбл,Псковская область,2025,III кв.,55751.0
ПскОбл,Псковская область,2025,IV кв.,66402.0
СПб,г. Санкт-Петербург,2023,I кв.,64048.0
СПб,г. Санкт-Петербург,2023,II кв.,70636.0
СПб,г. Санкт-Петербург,2023,III кв.,71695.0
СПб,г. Санкт-Петербург,2023,IV кв.,81710.0
СПб,г. Санкт-Петербург,2024,I кв.,78171.0
СПб,г. Санкт-Петербург,2024,II кв.,86080.0
СПб,г. Санкт-Петербург,2024,III кв.,89503.0
СПб,г. Санкт-Петербург,2024,IV кв.,99529.0
СПб,г. Санкт-Петербург,2025,I кв.,93043.0
СПб,г. Санкт-Петербург,2025,II кв.,104994.0
СПб,г. Санкт-Петербург,2025,III кв.,107882.0
СПб,г. Санкт-Петербург,2025,IV кв.,111807.0
НАО,Ямало - Ненецкий автономный округ,2023,I кв.,129949.0
НАО,Ямало - Ненецкий автономный округ,2023,II кв.,154997.0
НАО,Ямало - Ненецкий автономный округ,2023,III кв.,135446.0
НАО,Ямало - Ненецкий автономный округ,2023,IV кв.,140162.0
НАО,Ямало - Ненецкий автономный округ,2024,I кв.,148245.0
НАО,Ямало - Ненецкий автономный округ,2024,II кв.,166935.0
НАО,Ямало - Ненецкий автономный округ,2024,III кв.,148438.0
НАО,Ямало - Ненецкий автономный округ,2024,IV кв.,158044.0
НАО,Ямало - Ненецкий автономный округ,2025,I кв.,157617.0
НАО,Ямало - Ненецкий автономный округ,2025,II кв.,182080.0
НАО,Ямало - Ненецкий автономный округ,2025,III кв.,159552.0
НАО,Ямало - Ненецкий автономный округ,2025,IV кв.,182458.0
