,w1,w2,w3,w4,w5,w6,w7,w8,w9,w10,w11,w12,w13,w14,w15,w16,w17,w18,w19,n_switches
автово,1,1,1,1,1,1,1,1,1,1,1,1,1,1,1,1,1,1,1,0
адмиралтейский,1,1,1,1,1,1,1,1,1,1,1,1,1,1,1,1,1,1,1,0
академическое,1,1,1,1,1,1,1,1,1,1,1,1,1,1,1,1,1,1,1,0
александровский,0,0,0,0,0,1,0,0,0,0,0,0,1,0,0,0,0,0,0,4
апатиты,1,1,1,0,0,0,1,1,1,1,1,0,0,0,1,1,0,0,0,5
аптекарский остров,1,1,1,1,1,1,1,1,1,1,1,1,1,1,1,1,1,1,1,0
архангельск,1,1,1,1,1,1,1,1,1,1,1,1,1,1,1,1,1,1,1,0
бабаевский,0,0,0,0,0,0,0,0,0,0,0,0,0,0,0,0,0,0,0,0
бабушкинский,1,1,1,1,1,1,1,1,1,1,1,1,1,1,1,1,1,1,1,0
балканский,1,1,1,1,1,1,1,1,1,1,1,1,1,1,1,1,1,1,1,0
балтийский,0,0,0,0,0,1,1,0,0,0,0,0,0,0,0,0,0,0,0,2
бежаницкий,0,0,0,0,0,0,0,0,0,0,0,0,0,0,0,0,0,0,0,0
белозерский,0,2,0,0,0,0,0,0,0,0,0,0,0,0,0,0,0,0,0,2
беломорский,0,0,0,0,0,0,0,0,0,0,0,0,0,0,0,0,0,0,0,0
бокситогорский,0,0,0,0,0,0,0,0,0,0,0,0,0,0,0,0,0,0,0,0
большая охта,1,1,1,1,1,1,1,1,1,1,1,1,1,1,1,1,1,1,1,0
боровичский,0,0,0,0,0,0,0,0,0,0,0,0,0,0,0,0,0,0,0,0
валдайский,0,0,0,0,0,0,0,0,0,0,0,0,0,0,0,0,0,0,0,0
васильевский,1,1,1,1,1,1,1,1,1,1,1,1,1,1,1,1,1,1,1,0
введенский,1,1,1,1,1,1,1,1,1,1,1,1,1,1,1,1,1,1,1,0
великие луки,0,0,0,0,0,0,0,0,0,0,0,0,1,0,0,0,0,0,0,2
великий нов,1,1,1,1,1,1,1,1,1,1,1,1,1,1,1,1,1,1,1,0
великоустюгский,0,0,0,0,0,0,0,0,0,0,0,0,0,0,0,0,0,0,0,0
вельский,0,0,0,0,0,0,0,0,0,0,0,0,0,0,0,0,0,0,0,0
верхнетоемский,0,0,0,0,0,0,0,0,0,0,0,0,0,0,0,0,0,0,0,0
верховажский,0,0,0,0,0,0,0,0,0,0,0,0,0,0,0,0,0,0,0,0
вилегодский,0,0,0,0,0,0,0,0,0,0,0,0,0,0,0,0,0,0,0,0
виноградовский,0,0,0,0,0,0,0,0,0,0,0,0,0,0,0,0,0,0,0,0
владимирский,1,1,1,1,1,1,1,1,1,1,1,1,1,1,1,1,1,1,1,0
вожегодский,0,0,0,0,0,0,0,0,0,0,0,0,0,0,0,0,0,0,0,0
волковское,1,1,1,1,1,1,1,1,1,1,1,1,1,1,1,1,1,1,1,0
вологодский,0,0,0,0,0,1,1,1,0,0,1,1,0,1,0,0,1,0,0,8
волосовский,0,0,0,0,0,0,0,0,0,0,0,0,0,0,0,0,0,0,0,0
волотовский,2,0,2,2,2,0,0,2,2,2,2,2,0,0,0,2,2,0,0,7
волховский,0,0,0,0,0,0,0,0,0,0,0,0,0,0,0,0,0,0,0,0
воркута,0,0,0,0,0,0,0,1,0,0,0,0,0,0,0,0,0,0,0,2
всеволожский,1,1,1,1,1,1,1,1,1,1,1,1,1,1,1,1,1,1,1,0
вуктыл,0,0,0,0,0,0,0,0,0,0,0,0,0,0,2,0,0,0,0,2
выборгский,1,1,1,1,1,1,1,1,1,1,1,1,1,1,1,1,1,1,1,0
вытегорский,0,0,0,0,0,0,0,0,0,0,0,0,0,0,0,0,0,0,0,0
гавань,1,1,1,1,1,1,1,1,1,1,1,1,1,1,1,1,1,1,1,0
гагаринское,1,1,1,1,1,1,1,1,1,1,1,1,1,1,1,1,1,1,1,0
гатчинский,1,1,1,1,1,1,1,1,1,1,1,1,1,1,1,1,1,1,1,0
гвардейский,0,0,0,0,0,1,1,0,0,0,0,0,0,0,0,0,0,0,0,2
гдовский,0,0,0,0,0,0,0,0,0,0,0,0,0,0,0,0,0,0,0,0
георгиевский,1,1,1,1,1,1,1,1,1,1,1,1,1,1,1,1,1,1,1,0
горелово,1,1,1,1,1,1,1,1,1,1,1,1,1,1,1,1,1,1,1,0
гражданка,1,1,1,1,1,1,1,1,1,1,1,1,1,1,1,1,1,1,1,0
грязовецкий,0,0,0,0,0,0,0,0,0,0,0,0,0,0,0,0,0,0,0,0
гурьевский,1,1,1,1,1,1,1,1,1,1,1,1,1,1,1,1,1,1,1,0
гусевский,0,0,0,0,0,1,1,0,0,0,0,0,0,0,0,0,0,0,0,2
дачное,1,1,1,1,1,1,1,1,1,1,1,1,1,1,1,1,1,1,1,0
дворцовый,1,1,1,1,1,1,1,0,2,1,1,1,1,1,1,1,1,1,1,3
дедовичский,0,0,0,0,0,0,0,0,0,0,0,0,0,0,0,0,0,0,0,0
демянский,0,0,0,0,0,0,0,0,0,0,0,0,0,0,0,0,0,0,0,0
дновский,0,0,0,0,0,0,0,0,0,0,0,0,0,0,0,0,0,0,0,0
екатерингофский,1,1,1,1,1,1,1,1,1,1,1,1,1,1,1,1,1,1,1,0
заполярный,0,2,0,0,0,0,0,0,0,0,0,0,0,0,0,0,0,0,0,2
звездное,1,1,1,1,1,1,1,1,1,1,1,1,1,1,1,1,1,1,1,0
зеленогорск,1,1,1,1,1,1,1,1,1,1,1,1,1,1,1,1,1,1,1,0
зеленоградский,1,1,1,1,0,1,1,1,1,1,1,1,1,1,1,1,1,1,1,2
ивановский,1,1,1,1,1,1,1,1,1,1,1,1,1,1,1,1,1,1,1,0
ижемский,0,0,0,0,0,0,0,0,0,0,0,0,0,0,0,0,0,0,0,0
измайловское,1,1,1,1,1,1,1,1,1,1,1,1,1,1,1,1,1,1,1,0
инта,0,0,0,0,0,0,0,0,0,0,0,0,0,0,0,0,0,0,0,0
кадуйский,0,0,0,0,0,0,0,0,0,0,0,0,0,0,0,0,0,0,0,0
калевальский,0,0,0,0,0,0,0,0,0,0,0,0,0,0,0,0,0,0,0,0
калининград,1,1,1,1,1,1,1,1,1,1,1,1,1,1,1,1,1,1,1,0
кандалакшский,0,0,0,0,0,0,0,0,0,0,0,0,0,0,0,0,0,0,0,0
каргопольский,0,0,0,0,0,0,0,0,0,0,0,0,0,0,0,0,0,0,0,0
кемский,0,0,0,0,0,0,0,0,0,0,0,0,0,0,0,0,0,0,0,0
кингисеппский,0,1,1,0,1,1,1,1,1,0,0,0,1,1,1,1,1,1,1,5
кирилловский,0,0,0,0,0,0,0,0,0,0,0,0,0,0,0,0,0,0,0,0
киришский,0,0,0,0,0,0,0,0,0,0,0,0,0,0,0,0,1,0,0,2
кировск,0,1,1,0,0,0,0,0,0,0,0,0,0,0,1,1,0,0,0,4
кировский,0,0,0,0,0,0,0,0,0,0,0,0,0,0,0,0,0,0,0,0
кичменгско-ецкий,0,0,0,0,0,0,0,0,0,2,2,2,2,0,0,0,0,0,0,2
княжево,1,1,1,1,1,1,1,1,1,1,1,1,1,1,1,1,1,1,1,0
княжпогостский,0,0,0,0,0,0,0,0,0,0,0,0,0,0,0,0,0,0,0,0
ковдорский,0,0,0,0,0,0,0,0,0,0,0,0,0,0,0,0,0,0,0,0
койский,0,0,0,0,0,0,0,0,0,0,0,0,0,0,0,0,0,0,0,0
коломна,1,1,1,1,1,1,1,1,1,1,1,1,1,1,1,1,1,1,1,0
коломяги,1,1,1,1,1,1,1,1,1,1,1,1,1,1,1,1,1,1,1,0
колпино,1,1,1,1,1,1,1,1,1,1,1,1,1,1,1,1,1,1,1,0
кольский,0,0,0,0,0,0,0,0,0,0,0,0,0,0,0,0,0,0,0,0
комендантский аэродром,1,1,1,1,1,1,1,1,1,1,1,1,1,1,1,1,1,1,1,0
кондопожский,0,0,0,0,0,0,0,0,0,0,0,0,0,0,0,0,0,0,0,0
коношский,0,0,0,0,0,0,0,0,0,2,0,0,0,0,0,0,0,0,0,2
константиновское,1,1,1,1,1,1,1,1,1,1,1,1,1,1,1,1,1,1,1,0
корткеросский,2,0,0,0,2,0,0,0,0,0,0,0,0,0,0,0,0,0,0,3
коряжма,0,0,0,0,0,0,0,0,0,0,0,0,0,0,0,0,0,0,0,0
костомукшский,0,0,0,0,0,0,0,0,0,0,0,0,0,0,0,0,0,0,0,0
котлас,0,0,0,0,0,0,0,0,0,0,0,0,0,0,0,0,0,0,0,0
котласский,0,0,0,0,0,0,0,0,0,0,0,0,0,0,0,0,0,0,0,0
красненькая речка,1,1,1,1,1,1,1,1,1,1,1,1,1,1,1,1,1,1,1,0
красноборский,0,0,0,0,0,0,0,0,0,0,0,0,0,0,0,0,0,0,0,0
красное село,1,1,1,1,1,1,1,1,1,1,1,1,1,1,1,1,1,1,1,0
краснознаменский,0,0,0,0,0,0,0,0,0,0,0,0,0,0,0,0,0,0,0,0
красноский,0,0,0,0,0,0,0,0,0,0,0,0,0,0,0,0,0,0,0,0
крестецкий,0,0,0,0,0,0,0,0,0,0,0,0,0,0,0,0,0,0,0,0
кронверкское,1,1,1,1,1,1,1,1,1,1,1,1,1,1,1,1,1,1,1,0
кронштадт,1,1,1,1,1,1,1,1,1,1,1,1,1,1,1,1,1,1,1,0
купчино,1,1,1,1,1,1,1,1,1,1,1,1,1,1,1,1,1,1,1,0
ланское,1,1,1,1,1,1,1,1,1,1,1,1,1,1,1,1,1,1,1,0
лахденпохский,0,0,0,0,0,0,0,0,0,0,0,0,0,0,0,0,0,0,0,0
лахта-ольгино,1,1,1,1,1,1,1,1,1,1,1,1,1,1,1,1,1,1,1,0
ленский,0,0,0,0,0,0,1,0,0,0,0,0,0,0,0,0,0,0,0,2
лиговка-ямская,1,1,1,1,1,1,1,1,1,1,1,1,1,1,1,1,1,1,1,0
литейный,1,1,1,1,1,1,1,1,1,1,1,1,1,1,1,1,1,1,1,0
ловозерский,0,0,0,0,0,0,0,0,0,0,0,0,0,0,0,0,0,0,0,0
лодейнопольский,0,0,0,0,0,0,0,0,0,0,0,0,0,0,0,0,0,0,0,0
локнянский,0,0,0,0,0,0,0,0,0,0,0,0,0,0,0,0,0,0,0,0
ломоносов,1,1,1,1,1,1,1,1,1,1,1,1,1,1,1,1,1,1,1,0
ломоносовский,1,1,1,1,1,1,1,1,1,1,1,1,1,1,1,1,1,1,1,0
лоухский,0,0,0,0,0,0,0,0,0,0,0,0,0,0,0,0,0,0,0,0
лужский,1,1,1,0,1,0,1,0,0,1,1,1,1,1,1,1,1,1,1,6
любытинский,0,0,0,0,0,0,0,0,0,0,0,0,0,0,0,0,0,0,0,0
малая охта,1,1,1,1,1,1,1,1,1,1,1,1,1,1,1,1,1,1,1,0
маловишерский,0,0,0,0,0,0,0,0,0,0,0,0,0,0,0,0,0,0,0,0
мамоновский,0,0,2,0,0,2,2,2,2,2,2,2,0,0,0,0,2,2,2,5
марёвский,2,2,2,0,0,2,0,0,0,0,0,0,0,0,0,0,0,0,2,4
медвежьегорский,0,0,0,0,0,0,0,0,0,0,0,0,0,0,0,0,0,0,0,0
междуреченский,0,0,0,0,0,0,0,0,0,0,0,0,0,0,0,0,0,0,0,0
мезенский,2,2,2,2,0,0,2,2,2,2,2,2,2,0,2,2,0,0,0,5
мончегорск,0,0,0,0,0,0,1,0,0,0,0,1,0,0,0,0,0,0,0,4
морские ворота,1,1,1,1,1,1,1,1,1,1,1,1,1,1,1,1,1,1,1,0
морской,1,1,1,1,1,1,1,1,1,1,1,1,1,1,1,1,1,1,1,0
московская застава,1,1,1,1,1,1,1,1,1,1,1,1,1,1,1,1,1,1,1,0
мурманск,1,1,1,1,1,1,1,1,1,1,1,1,1,1,1,1,1,1,1,0
нарвский,1,1,1,1,1,1,1,1,1,1,1,1,1,1,1,1,1,1,1,0
народный,1,1,1,1,1,1,1,1,1,1,1,1,1,1,1,1,1,1,1,0
нарьян-мар,0,2,1,0,0,0,1,0,0,0,0,0,0,0,0,0,0,0,1,6
невельский,0,0,0,0,0,0,0,0,0,0,0,0,0,0,0,0,0,0,0,0
невская застава,1,1,1,1,1,1,1,1,1,1,1,1,1,1,1,1,1,1,1,0
невский,1,1,1,1,1,1,1,1,1,1,1,1,1,1,1,1,1,1,1,0
неманский,0,0,0,0,0,0,0,0,0,0,0,0,0,0,0,0,0,0,0,0
нестеровский,0,0,0,0,0,0,0,0,0,0,0,0,0,0,0,0,0,0,0,0
никольский,0,0,0,0,0,0,0,0,0,0,0,0,0,0,0,0,0,0,0,0
новодвинск,0,0,0,0,0,0,0,0,0,0,0,0,0,0,0,0,0,0,0,0
новоизмайловское,1,1,1,1,1,1,1,1,1,1,1,1,1,1,1,1,1,1,1,0
новоржевский,0,0,0,0,0,0,0,0,0,0,0,0,0,0,0,0,0,0,0,0
новосокольнический,0,0,0,0,0,0,0,0,0,0,0,0,0,0,0,0,0,0,0,0
новский,1,1,1,1,1,1,1,1,1,1,1,1,1,1,1,1,1,1,1,0
нюксенский,0,0,0,0,0,0,0,0,0,0,0,0,0,0,0,0,0,0,0,0
няндомский,0,0,0,0,0,0,0,0,0,0,0,0,0,0,0,0,0,0,0,0
обуховский,1,1,1,1,1,1,1,1,1,1,1,1,1,1,1,1,1,1,1,0
озеро долгое,1,1,1,1,1,1,1,1,1,1,1,1,1,1,1,1,1,1,1,0
озерский,0,0,0,0,0,1,1,0,0,0,0,0,0,0,0,0,0,0,0,2
оккервиль,1,1,1,1,1,1,1,1,1,1,1,1,1,1,1,1,1,1,1,0
окуловский,0,0,0,0,0,0,0,0,0,0,0,0,0,0,0,0,0,0,0,0
оленегорск,0,0,0,0,0,0,0,0,0,0,0,0,0,0,0,0,0,0,0,0
олонецкий,0,0,0,0,0,0,0,0,0,0,0,0,0,0,0,0,0,0,0,0
онежский,0,0,0,0,0,0,0,0,0,0,0,0,0,0,0,0,0,0,0,0
опочецкий,0,0,0,0,0,0,0,0,0,0,0,0,0,0,0,0,0,0,0,0
остров декабристов,1,1,1,1,1,1,1,1,1,1,1,1,1,1,1,1,1,1,1,0
островский,0,0,0,0,0,0,0,0,0,0,0,0,0,0,0,0,0,0,0,0
павловск,1,1,1,1,1,1,1,1,1,1,1,1,1,1,1,1,1,1,1,0
парфинский,0,0,0,0,0,0,0,0,0,0,0,0,0,0,0,0,0,0,0,0
пестовский,0,0,0,0,0,0,0,0,0,0,0,0,0,0,0,0,0,0,0,0
петергоф,1,1,1,1,1,1,1,1,1,1,1,1,1,1,1,1,1,1,1,0
петровский,1,1,1,1,1,1,1,1,1,1,1,1,1,1,1,1,1,1,1,0
петрозаводский,1,1,1,1,1,1,1,1,1,1,1,1,1,1,1,1,1,1,1,0
печенгский,0,0,0,0,0,0,0,0,0,0,0,0,0,0,0,0,0,0,0,0
печора,0,0,0,0,0,0,0,0,0,0,0,0,0,0,0,0,0,0,0,0
печорский,0,0,0,0,0,0,0,0,0,0,0,0,0,0,0,0,0,0,0,0
пионерский,0,0,0,0,0,1,1,0,0,0,0,0,0,0,0,2,2,0,0,4
пискаревка,1,1,1,1,1,1,1,1,1,1,1,1,1,1,1,1,1,1,1,0
питкярантский,0,0,0,0,0,0,0,0,0,0,0,0,0,0,0,0,0,0,0,0
плесецкий,0,0,0,0,0,0,0,0,0,0,0,0,0,0,0,0,0,0,0,0
плюсский,2,0,0,0,0,0,2,2,2,2,2,0,0,2,2,2,0,0,0,5
поддорский,0,0,2,0,0,0,2,0,2,0,2,2,0,0,0,0,0,0,0,8
подпорожский,0,0,0,0,0,0,0,0,0,0,0,0,0,0,0,0,0,0,0,0
полесский,0,0,0,0,0,1,0,0,0,0,0,0,0,0,2,0,0,0,0,4
полюстрово,1,1,1,1,1,1,1,1,1,1,1,1,1,1,1,1,1,1,1,0
полярные зори,0,0,0,0,0,0,0,0,0,0,0,0,0,0,0,0,0,0,0,0
пороховые,1,1,1,1,1,1,1,1,1,1,1,1,1,1,1,1,1,1,1,0
порховский,0,0,0,0,0,0,0,0,0,0,0,0,0,0,0,0,0,0,0,0
посадский,1,1,1,1,1,1,1,1,1,1,1,1,1,1,1,1,1,1,1,0
поселок левашово,1,1,1,1,1,1,1,1,1,1,1,1,1,1,1,1,1,1,1,0
поселок лисий нос,1,1,1,1,1,1,1,1,1,1,1,1,1,1,1,1,1,1,1,0
поселок металлострой,1,1,1,1,1,1,1,1,1,1,1,1,1,1,1,1,1,1,1,0
поселок парголово,1,1,1,1,1,1,1,1,1,1,1,1,1,1,1,1,1,1,1,0
поселок песочный,1,1,1,1,1,1,1,1,1,1,1,1,1,1,1,1,1,1,1,0
поселок понтонный,1,1,1,1,1,1,1,1,1,1,1,1,1,1,1,1,1,1,1,0
поселок стрельна,1,1,1,1,1,1,1,1,1,1,1,1,1,1,1,1,1,1,1,0
поселок шушары,1,1,1,1,1,1,1,1,1,1,1,1,1,1,1,1,1,1,1,0
правдинский,0,0,0,0,0,0,0,0,0,0,0,0,0,0,0,2,0,0,0,2
правобережный,1,1,1,1,1,1,1,1,1,1,1,1,1,1,1,1,1,1,1,0
прилузский,0,0,0,0,0,0,0,0,0,0,0,0,0,0,0,0,0,0,0,0
приморский,0,0,0,0,0,0,0,0,0,0,1,1,0,0,0,0,0,0,0,2
приозерский,0,0,0,0,0,0,0,0,0,0,0,0,0,0,0,0,0,0,0,0
прионежский,1,1,1,1,1,1,2,0,0,0,0,0,0,1,1,0,0,0,0,4
прометей,1,1,1,1,1,1,1,1,1,1,1,1,1,1,1,1,1,1,1,0
пряжинский,0,0,0,0,0,0,0,0,0,0,0,0,0,0,0,0,0,0,2,1
псков,1,1,1,1,1,1,1,1,1,1,1,1,1,1,1,1,1,1,1,0
псковский,1,1,1,1,1,1,1,1,1,1,1,1,1,1,1,1,1,1,1,0
пудожский,0,0,0,0,0,0,0,0,0,0,0,0,0,0,0,0,0,0,0,0
пулковский меридиан,1,1,1,1,1,1,1,1,1,1,1,1,1,1,1,1,1,1,1,0
пустошкинский,0,0,0,0,0,0,0,0,0,0,0,0,0,0,0,0,0,0,0,0
пушкин,1,1,1,1,1,1,1,1,1,1,1,1,1,1,1,1,1,1,1,0
пушкиногорский,0,0,0,0,0,0,0,0,0,0,0,0,0,0,0,0,0,0,0,0
пыталовский,0,0,0,0,0,0,0,0,0,0,0,0,0,0,0,0,0,0,0,0
ржевка,1,1,1,1,1,1,1,1,1,1,1,1,1,1,1,1,1,1,1,0
рыбацкое,1,1,1,1,1,1,1,1,1,1,1,1,1,1,1,1,1,1,1,0
сампсониевское,1,1,1,1,1,1,1,1,1,1,1,1,1,1,1,1,1,1,1,0
светлановское,1,1,1,1,1,1,1,1,1,1,1,1,1,1,1,1,1,1,1,0
светловский,0,0,0,0,0,0,0,0,0,0,0,0,0,0,0,0,0,0,0,0
светлогорский,1,1,1,1,0,1,1,1,1,1,1,1,1,1,1,1,1,1,1,2
себежский,0,0,0,0,0,0,0,0,0,0,0,0,0,0,0,0,0,0,0,0
северный,1,1,1,1,1,1,1,1,1,1,1,1,1,1,1,1,1,1,1,0
северодвинск,1,1,1,0,1,1,1,1,1,1,1,1,1,1,1,0,1,1,1,4
сегежский,0,0,0,0,0,0,0,0,0,0,0,0,0,0,0,0,0,0,0,0
семеновский,1,1,1,1,1,1,1,1,1,1,1,1,1,1,1,1,1,1,1,0
сенной,1,1,1,1,1,1,1,1,1,1,1,1,1,1,1,1,1,1,1,0
сергиевское,1,1,1,1,1,1,1,1,1,1,1,1,1,1,1,1,1,1,1,0
сестрорецк,1,1,1,1,1,1,1,1,1,1,1,1,1,1,1,1,1,1,1,0
славский,0,0,0,0,2,2,2,0,0,0,0,0,0,0,0,0,0,0,0,2
сланцевский,0,0,0,0,0,0,0,0,0,0,0,0,0,0,0,0,0,0,0,0
смольнинское,1,1,1,1,1,1,1,1,1,1,1,1,1,1,1,1,1,1,1,0
советский,0,0,0,0,0,0,0,0,0,0,0,0,0,0,0,0,0,0,0,0
сокольский,0,0,0,0,0,0,0,0,0,0,0,0,0,0,0,0,0,0,0,0
солецкий,0,0,0,0,0,0,0,0,0,0,0,0,0,0,0,0,0,0,0,0
сортавальский,0,0,0,0,0,0,0,0,0,0,0,0,0,0,0,0,0,0,0,0
сосновая поляна,1,1,1,1,1,1,1,1,1,1,1,1,1,1,1,1,1,1,1,0
сосновоборский,1,1,1,1,1,1,1,1,1,1,0,1,1,1,1,1,1,1,1,2
сосновское,1,1,1,1,1,1,1,1,1,1,1,1,1,1,1,1,1,1,1,0
сосногорск,0,0,0,0,0,0,0,0,0,0,0,0,0,0,0,0,0,0,0,0
старорусский,0,0,0,0,0,0,0,0,0,0,0,0,0,0,0,0,0,0,0,0
струго-красненский,0,0,0,0,0,0,0,0,0,0,0,0,0,0,0,0,0,0,0,0
суоярвский,0,0,0,0,0,0,0,0,0,0,0,0,0,0,0,0,0,0,0,0
сыктывдинский,0,0,0,0,0,0,0,0,0,0,0,0,0,0,0,0,0,0,0,0
сыктывкар,1,1,1,0,1,1,1,1,1,1,1,1,1,1,1,1,1,1,1,2
сысольский,0,0,0,0,0,0,0,0,0,0,0,0,0,0,0,0,0,0,0,0
сямженский,0,0,0,0,0,0,0,0,2,0,0,0,0,0,0,0,0,0,0,2
тарногский,0,0,0,0,0,0,0,0,0,0,0,0,0,0,0,0,0,0,0,0
терский,2,0,2,2,2,0,0,0,0,0,0,0,0,0,0,0,0,0,0,3
тихвинский,0,0,0,0,0,0,0,0,0,0,0,0,0,0,0,0,0,0,0,0
тосненский,1,1,1,1,1,1,1,1,1,1,1,1,1,1,1,1,1,1,1,0
тотемский,0,0,0,0,0,0,0,0,0,0,0,0,0,0,0,0,0,0,0,0
троицко-печорский,0,0,0,0,0,0,0,0,0,0,0,0,0,0,0,0,0,0,0,0
удорский,0,0,0,0,0,0,0,0,0,0,0,0,0,0,0,0,0,0,0,0
ульянка,1,1,1,1,1,1,1,1,1,1,1,1,1,1,1,1,1,1,1,0
урицк,1,1,1,1,1,1,1,1,1,1,1,1,1,1,1,1,1,1,1,0
усвятский,2,2,2,0,2,0,0,0,0,2,2,0,0,0,0,2,0,0,0,7
усинск,0,0,0,0,0,0,0,0,0,0,0,0,0,0,0,0,0,0,0,0
усть-вымский,0,0,0,0,0,0,0,0,0,0,0,0,0,0,0,0,0,0,0,0
усть-кубинский,0,0,0,0,0,0,0,0,0,0,0,0,0,0,0,0,0,0,0,0
усть-куломский,0,0,0,0,0,0,0,0,0,0,0,0,0,0,0,0,0,0,0,0
усть-цилемский,0,0,0,2,2,0,0,0,2,2,2,2,2,0,2,2,2,0,0,6
устьянский,0,0,0,0,0,0,0,0,0,0,0,0,0,0,0,0,0,0,0,0
устюженский,0,0,0,0,0,0,0,0,0,0,0,0,0,0,0,0,0,0,0,0
ухта,0,1,1,0,0,0,0,0,0,0,0,0,0,0,1,0,0,0,0,4
финляндский,1,1,1,1,1,1,1,1,1,1,1,1,1,1,1,1,1,1,1,0
харовский,0,0,0,0,0,0,0,0,0,0,0,0,0,0,0,0,0,0,0,0
хвойнинский,0,0,0,0,0,0,0,0,0,0,0,0,0,0,0,0,0,0,0,0
холмогорский,2,0,0,0,0,0,0,0,0,0,0,0,0,0,0,0,0,0,0,1
холмский,0,0,0,0,0,0,0,0,0,0,0,0,0,0,0,0,0,0,0,0
чагодощенский,0,0,0,0,0,0,0,0,0,0,0,0,0,0,0,0,0,0,0,0
череповецкий,0,0,0,0,0,0,0,0,0,0,0,0,0,0,0,0,0,0,0,0
черняховский,0,0,0,0,0,1,1,0,0,0,0,0,1,0,0,0,0,0,0,4
чкаловское,1,1,1,1,1,1,1,1,1,1,1,1,1,1,1,1,1,1,1,0
чудовский,0,0,0,0,0,0,0,0,0,0,0,0,0,0,0,0,0,0,0,0
шекснинский,0,0,0,0,0,0,0,0,0,0,0,0,0,0,0,0,0,0,0,0
шенкурский,0,0,0,0,0,0,0,0,0,0,0,0,0,0,0,0,0,0,0,0
шимский,0,0,0,0,0,0,0,0,0,0,0,0,0,0,0,0,0,0,0,0
шувалово-озерки,1,1,1,1,1,1,1,1,1,1,1,1,1,1,1,1,1,1,1,0
юго-запад,1,1,1,1,1,1,1,1,1,1,1,1,1,1,1,1,1,1,1,0
южно-приморский,1,1,1,1,1,1,1,1,1,1,1,1,1,1,1,1,1,1,1,0
юнтолово,1,1,1,1,1,1,1,1,1,1,1,1,1,1,1,1,1,1,1,0
янтарный,0,0,0,0,0,0,0,2,0,2,0,0,0,0,2,2,0,2,0,8
№ 15,1,1,1,1,1,1,1,1,1,1,1,1,1,1,1,1,1,1,1,0
№ 21,1,1,1,1,1,1,1,1,1,1,1,1,1,1,1,1,1,1,1,0
№ 54,1,1,1,1,1,1,1,1,1,1,1,1,1,1,1,1,1,1,1,0
№ 65,1,1,1,1,1,1,1,1,1,1,1,1,1,1,1,1,1,1,1,0
№ 7,1,1,1,1,1,1,1,1,1,1,1,1,1,1,1,1,1,1,1,0
№ 72,1,1,1,1,1,1,1,1,1,1,1,1,1,1,1,1,1,1,1,0
№ 78,1,1,1,1,1,1,1,1,1,1,1,1,1,1,1,1,1,1,1,0
