mo_norm,window,label,start,end,PR_plus,frustration,n_communities,n_switches
вологодский,1,0,2023-01-01,2023-06-01,3.426887777955141,0.5625,3,8
вологодский,2,0,2023-02-01,2023-07-01,3.7680858524399334,0.5625,3,8
вологодский,3,0,2023-03-01,2023-08-01,4.134328668638352,0.5625,3,8
вологодский,4,0,2023-04-01,2023-09-01,4.300933093695326,0.625,3,8
вологодский,5,0,2023-05-01,2023-10-01,3.9000466281075683,0.625,3,8
вологодский,6,1,2023-06-01,2023-11-01,4.352033442154998,0.625,3,8
вологодский,7,1,2023-07-01,2023-12-01,4.270402114308361,0.5625,3,8
вологодский,8,1,2023-08-01,2024-01-01,4.12111050070365,0.5625,3,8
вологодский,9,0,2023-09-01,2024-02-01,3.6159045891413175,0.5625,3,8
вологодский,10,0,2023-10-01,2024-03-01,3.404536217817612,0.5625,3,8
вологодский,11,1,2023-11-01,2024-04-01,3.5330682553318793,0.5625,3,8
вологодский,12,1,2023-12-01,2024-05-01,3.3707285338289252,0.625,3,8
вологодский,13,0,2024-01-01,2024-06-01,3.55129136542439,0.5625,3,8
вологодский,14,1,2024-02-01,2024-07-01,4.188680412916971,0.5625,3,8
вологодский,15,0,2024-03-01,2024-08-01,4.3029244501492965,0.5625,3,8
вологодский,16,0,2024-04-01,2024-09-01,4.267051522196357,0.5625,3,8
вологодский,17,1,2024-05-01,2024-10-01,4.162364752648145,0.5625,3,8
вологодский,18,0,2024-06-01,2024-11-01,4.561265877093134,0.5625,3,8
вологодский,19,0,2024-07-01,2024-12-01,4.40780879278763,0.5625,3,8
