feature,value,szfo_median,delta_vs_median,mean_cluster0,mean_cluster1,closer_to_cluster,urban_pattern_note,mode1_loading,abs_d
share_health,0.0435181109701473,0.0460916512490463,-0.0025735402788990003,0.0398093076642083,0.05406575755158487,0,away from urban-pattern,0.2789423205809394,0.0025735402788990003
share_marketplace,0.1471325376071252,0.15196581774477946,-0.004833280137654272,0.16892771548454863,0.13766905508897145,1,neutral/other (no mode1 sign assigned here),-0.19795365287348843,0.004833280137654272
share_food,0.0439867436501566,0.04592665496905,-0.0019399113188934003,0.025570803526994597,0.07171996904485987,0,away from urban-pattern,0.3908316524115883,0.0019399113188934003
share_grocery,0.4133961629081117,0.4027821619884191,0.010614000919692612,0.46185192050366064,0.33615040233651833,0,away from urban-pattern,-0.37365300920964695,0.010614000919692612
share_transport,0.0638065401444735,0.05626826086944995,0.0075382792750235475,0.046694980092127254,0.0686187776952382,1,toward urban-pattern,0.3338031739741419,0.0075382792750235475
log_total,10.379312745217486,10.506496468093001,-0.1271837228755146,10.242928525262414,10.706405720406357,0,away from urban-pattern,0.32689731175276615,0.1271837228755146
growth_health,0.1201599466844385,0.13074404491338226,-0.010584098228943767,0.06790140966522658,0.1509683103595009,1,neutral/other (no mode1 sign assigned here),0.2317346032910157,0.010584098228943767
growth_marketplace,0.5036780270956814,0.49201472394268614,0.011663303152995297,0.5651139544280183,0.4939329252976809,1,neutral/other (no mode1 sign assigned here),-0.09923567343340127,0.011663303152995297
growth_food,0.2164542460260633,0.20409867531032716,0.012355570715736147,0.15904804352399557,0.2225645038780826,1,neutral/other (no mode1 sign assigned here),0.14836689321383337,0.012355570715736147
growth_grocery,0.0932882321523945,0.10191829373636466,-0.008630061583970158,0.06593991519737215,0.11541357581510253,1,neutral/other (no mode1 sign assigned here),0.2459810291602752,0.008630061583970158
growth_transport,0.0705938572483599,0.11029262696806941,-0.03969876971970951,0.02111737145387591,0.14211751086467994,0,neutral/other (no mode1 sign assigned here),0.2658419843942281,0.03969876971970951
cv_health,0.0841453701858762,0.07963039595443269,0.004514974231443508,0.09573539261265872,0.07685988903244144,1,neutral/other (no mode1 sign assigned here),-0.161737056417687,0.004514974231443508
cv_marketplace,0.2075953288184765,0.18754021838326165,0.02005511043521485,0.20901355601543617,0.18423645567378732,0,neutral/other (no mode1 sign assigned here),-0.15949118708305035,0.02005511043521485
cv_food,0.0857580218092328,0.11978232296278495,-0.03402430115355215,0.19474775452574963,0.09386171361272169,1,neutral/other (no mode1 sign assigned here),-0.25747332394595374,0.03402430115355215
cv_grocery,0.0712225944545467,0.0761396475298154,-0.004917053075268699,0.07671259589832717,0.07588829147733434,1,neutral/other (no mode1 sign assigned here),-0.006637670023162491,0.004917053075268699
cv_transport,0.0802063451748103,0.09763510123014615,-0.01742875605533585,0.12137853680179865,0.09245696292026227,1,neutral/other (no mode1 sign assigned here),-0.1663628513702597,0.01742875605533585
mob_logratio,0.0515147701553155,0.01655868455424435,0.03495608560107115,0.013619183634502994,0.035084718880412605,1,neutral/other (no mode1 sign assigned here),0.10001839120798696,0.03495608560107115
