mo,category,period,value
Вологодский муниципальный округ,Здоровье,2023-01-01,1271
Вологодский муниципальный округ,Здоровье,2023-02-01,1371
Вологодский муниципальный округ,Здоровье,2023-03-01,1416
Вологодский муниципальный округ,Здоровье,2023-04-01,1319
Вологодский муниципальный округ,Здоровье,2023-05-01,1089
Вологодский муниципальный округ,Здоровье,2023-06-01,1166
Вологодский муниципальный округ,Здоровье,2023-07-01,1110
Вологодский муниципальный округ,Здоровье,2023-08-01,1242
Вологодский муниципальный округ,Здоровье,2023-09-01,1264
Вологодский муниципальный округ,Здоровье,2023-10-01,1211
Вологодский муниципальный округ,Здоровье,2023-11-01,1280
Вологодский муниципальный округ,Здоровье,2023-12-01,1266
Вологодский муниципальный округ,Здоровье,2024-01-01,1221
Вологодский муниципальный округ,Здоровье,2024-02-01,1413
Вологодский муниципальный округ,Здоровье,2024-03-01,1513
Вологодский муниципальный округ,Здоровье,2024-04-01,1390
Вологодский муниципальный округ,Здоровье,2024-05-01,1333
Вологодский муниципальный округ,Здоровье,2024-06-01,1253
Вологодский муниципальный округ,Здоровье,2024-07-01,1386
Вологодский муниципальный округ,Здоровье,2024-08-01,1223
Вологодский муниципальный округ,Здоровье,2024-09-01,1458
Вологодский муниципальный округ,Здоровье,2024-10-01,1575
Вологодский муниципальный округ,Здоровье,2024-11-01,1506
Вологодский муниципальный округ,Здоровье,2024-12-01,1537
Вологодский муниципальный округ,Маркетплейсы,2023-01-01,2154
Вологодский муниципальный округ,Маркетплейсы,2023-02-01,2376
Вологодский муниципальный округ,Маркетплейсы,2023-03-01,2810
Вологодский муниципальный округ,Маркетплейсы,2023-04-01,2496
Вологодский муниципальный округ,Маркетплейсы,2023-05-01,2712
Вологодский муниципальный округ,Маркетплейсы,2023-06-01,2672
Вологодский муниципальный округ,Маркетплейсы,2023-07-01,2928
Вологодский муниципальный округ,Маркетплейсы,2023-08-01,2953
Вологодский муниципальный округ,Маркетплейсы,2023-09-01,3133
Вологодский муниципальный округ,Маркетплейсы,2023-10-01,3603
Вологодский муниципальный округ,Маркетплейсы,2023-11-01,4657
Вологодский муниципальный округ,Маркетплейсы,2023-12-01,5298
Вологодский муниципальный округ,Маркетплейсы,2024-01-01,3374
Вологодский муниципальный округ,Маркетплейсы,2024-02-01,3976
Вологодский муниципальный округ,Маркетплейсы,2024-03-01,4422
Вологодский муниципальный округ,Маркетплейсы,2024-04-01,4061
Вологодский муниципальный округ,Маркетплейсы,2024-05-01,3989
Вологодский муниципальный округ,Маркетплейсы,2024-06-01,4532
Вологодский муниципальный округ,Маркетплейсы,2024-07-01,4519
Вологодский муниципальный округ,Маркетплейсы,2024-08-01,4851
Вологодский муниципальный округ,Маркетплейсы,2024-09-01,4591
Вологодский муниципальный округ,Маркетплейсы,2024-10-01,5342
Вологодский муниципальный округ,Маркетплейсы,2024-11-01,5983
Вологодский муниципальный округ,Маркетплейсы,2024-12-01,7187
Вологодский муниципальный округ,Общественное питание,2023-01-01,923
Вологодский муниципальный округ,Общественное питание,2023-02-01,904
Вологодский муниципальный округ,Общественное питание,2023-03-01,1036
Вологодский муниципальный округ,Общественное питание,2023-04-01,1077
Вологодский муниципальный округ,Общественное питание,2023-05-01,1196
Вологодский муниципальный округ,Общественное питание,2023-06-01,1206
Вологодский муниципальный округ,Общественное питание,2023-07-01,1335
Вологодский муниципальный округ,Общественное питание,2023-08-01,1340
Вологодский муниципальный округ,Общественное питание,2023-09-01,1235
Вологодский муниципальный округ,Общественное питание,2023-10-01,1214
Вологодский муниципальный округ,Общественное питание,2023-11-01,1254
Вологодский муниципальный округ,Общественное питание,2023-12-01,1246
Вологодский муниципальный округ,Общественное питание,2024-01-01,1180
Вологодский муниципальный округ,Общественное питание,2024-02-01,1270
Вологодский муниципальный округ,Общественное питание,2024-03-01,1401
Вологодский муниципальный округ,Общественное питание,2024-04-01,1335
Вологодский муниципальный округ,Общественное питание,2024-05-01,1453
Вологодский муниципальный округ,Общественное питание,2024-06-01,1616
Вологодский муниципальный округ,Общественное питание,2024-07-01,1599
Вологодский муниципальный округ,Общественное питание,2024-08-01,1455
Вологодский муниципальный округ,Общественное питание,2024-09-01,1492
Вологодский муниципальный округ,Общественное питание,2024-10-01,1471
Вологодский муниципальный округ,Общественное питание,2024-11-01,1333
Вологодский муниципальный округ,Общественное питание,2024-12-01,1384
Вологодский муниципальный округ,Продовольствие,2023-01-01,10910
Вологодский муниципальный округ,Продовольствие,2023-02-01,11230
Вологодский муниципальный округ,Продовольствие,2023-03-01,12453
Вологодский муниципальный округ,Продовольствие,2023-04-01,11643
Вологодский муниципальный округ,Продовольствие,2023-05-01,12370
Вологодский муниципальный округ,Продовольствие,2023-06-01,12426
Вологодский муниципальный округ,Продовольствие,2023-07-01,12821
Вологодский муниципальный округ,Продовольствие,2023-08-01,12493
Вологодский муниципальный округ,Продовольствие,2023-09-01,11808
Вологодский муниципальный округ,Продовольствие,2023-10-01,11754
Вологодский муниципальный округ,Продовольствие,2023-11-01,11855
Вологодский муниципальный округ,Продовольствие,2023-12-01,14279
Вологодский муниципальный округ,Продовольствие,2024-01-01,11732
Вологодский муниципальный округ,Продовольствие,2024-02-01,12115
Вологодский муниципальный округ,Продовольствие,2024-03-01,13408
Вологодский муниципальный округ,Продовольствие,2024-04-01,12930
Вологодский муниципальный округ,Продовольствие,2024-05-01,14079
Вологодский муниципальный округ,Продовольствие,2024-06-01,13994
Вологодский муниципальный округ,Продовольствие,2024-07-01,14052
Вологодский муниципальный округ,Продовольствие,2024-08-01,13098
Вологодский муниципальный округ,Продовольствие,2024-09-01,12361
Вологодский муниципальный округ,Продовольствие,2024-10-01,13347
Вологодский муниципальный округ,Продовольствие,2024-11-01,13206
Вологодский муниципальный округ,Продовольствие,2024-12-01,15344
Вологодский муниципальный округ,Транспорт,2023-01-01,1744
Вологодский муниципальный округ,Транспорт,2023-02-01,1606
Вологодский муниципальный округ,Транспорт,2023-03-01,1703
Вологодский муниципальный округ,Транспорт,2023-04-01,1735
Вологодский муниципальный округ,Транспорт,2023-05-01,1892
Вологодский муниципальный округ,Транспорт,2023-06-01,1936
Вологодский муниципальный округ,Транспорт,2023-07-01,2155
Вологодский муниципальный округ,Транспорт,2023-08-01,2216
Вологодский муниципальный округ,Транспорт,2023-09-01,2033
Вологодский муниципальный округ,Транспорт,2023-10-01,2023
Вологодский муниципальный округ,Транспорт,2023-11-01,1928
Вологодский муниципальный округ,Транспорт,2023-12-01,2048
Вологодский муниципальный округ,Транспорт,2024-01-01,1781
Вологодский муниципальный округ,Транспорт,2024-02-01,1780
Вологодский муниципальный округ,Транспорт,2024-03-01,1913
Вологодский муниципальный округ,Транспорт,2024-04-01,1996
Вологодский муниципальный округ,Транспорт,2024-05-01,2103
Вологодский муниципальный округ,Транспорт,2024-06-01,2259
Вологодский муниципальный округ,Транспорт,2024-07-01,2298
Вологодский муниципальный округ,Транспорт,2024-08-01,2125
Вологодский муниципальный округ,Транспорт,2024-09-01,2176
Вологодский муниципальный округ,Транспорт,2024-10-01,2178
Вологодский муниципальный округ,Транспорт,2024-11-01,1944
Вологодский муниципальный округ,Транспорт,2024-12-01,2091
Вологодский муниципальный округ,Все категории,2023-01-01,24929
Вологодский муниципальный округ,Все категории,2023-02-01,26273
Вологодский муниципальный округ,Все категории,2023-03-01,28492
Вологодский муниципальный округ,Все категории,2023-04-01,26482
Вологодский муниципальный округ,Все категории,2023-05-01,27955
Вологодский муниципальный округ,Все категории,2023-06-01,27456
Вологодский муниципальный округ,Все категории,2023-07-01,28459
Вологодский муниципальный округ,Все категории,2023-08-01,28417
Вологодский муниципальный округ,Все категории,2023-09-01,26951
Вологодский муниципальный округ,Все категории,2023-10-01,28709
Вологодский муниципальный округ,Все категории,2023-11-01,29149
Вологодский муниципальный округ,Все категории,2023-12-01,33495
Вологодский муниципальный округ,Все категории,2024-01-01,26776
Вологодский муниципальный округ,Все категории,2024-02-01,29527
Вологодский муниципальный округ,Все категории,2024-03-01,31830
Вологодский муниципальный округ,Все категории,2024-04-01,30737
Вологодский муниципальный округ,Все категории,2024-05-01,31699
Вологодский муниципальный округ,Все категории,2024-06-01,32950
Вологодский муниципальный округ,Все категории,2024-07-01,32509
Вологодский муниципальный округ,Все категории,2024-08-01,32357
Вологодский муниципальный округ,Все категории,2024-09-01,30274
Вологодский муниципальный округ,Все категории,2024-10-01,33903
Вологодский муниципальный округ,Все категории,2024-11-01,34700
Вологодский муниципальный округ,Все категории,2024-12-01,38968
