method,window_idx,date
PELT_l2_pen2,15,2024-09-01
PELT_normal_pen2,5,2023-11-01
PELT_normal_pen2,10,2024-04-01
PELT_normal_pen2,15,2024-09-01
Binseg_rbf_3,5,2023-11-01
Binseg_rbf_3,10,2024-04-01
Binseg_rbf_3,15,2024-09-01
Binseg_l2_3,5,2023-11-01
Binseg_l2_3,10,2024-04-01
Binseg_l2_3,15,2024-09-01
BottomUp_rbf_3,5,2023-11-01
BottomUp_rbf_3,10,2024-04-01
BottomUp_rbf_3,15,2024-09-01
Window_rbf_3,15,2024-09-01
Dynp_rbf_3,5,2023-11-01
Dynp_rbf_3,10,2024-04-01
Dynp_rbf_3,15,2024-09-01
CUSUM_ARI,1,2023-07-01
CUSUM_ARI,3,2023-09-01
CUSUM_ARI,17,2024-11-01
