mo,horizon,MAE_prophet,MAE_lgbm
Абазинский муниципальный район,1,16226.029763275685,4734.647058823528
Абазинский муниципальный район,3,19111.460247444338,2824.333333333332
Абазинский муниципальный район,6,11748.184111215262,3333.6666666666656
Абазинский муниципальный район,12,12415.141006365275,2497.6111111111118
Абанский муниципальный район,1,4680.231584629804,5971.470588235294
Абанский муниципальный район,3,12332.786278980764,2259.2666666666664
Абанский муниципальный район,6,4686.406246538286,1786.1666666666667
Абанский муниципальный район,12,17402.079336860537,1927.4722222222215
Абатский муниципальный район,1,396.0574470814063,6113.588235294119
Абатский муниципальный район,3,11406.67877838498,2897.5333333333315
Абатский муниципальный район,6,12874.499699672297,2995.416666666668
Абатский муниципальный район,12,104080.37026110971,2553.7777777777787
Абзелиловский муниципальный район,1,5630.624519655084,4166.588235294119
Абзелиловский муниципальный район,3,117212.47865253662,1730.133333333334
Абзелиловский муниципальный район,6,20154.924876252542,1423.4444444444453
Абзелиловский муниципальный район,12,25172.087220938283,1811.5
Агинский муниципальный район,1,787.8385675734753,7055.0
Агинский муниципальный район,3,16039.604220323921,4354.466666666666
Агинский муниципальный район,6,20462.50914624405,4336.083333333335
Агинский муниципальный район,12,30524.022364836605,2643.75
Агрызский муниципальный район,1,71.81269633282136,5125.470588235294
Агрызский муниципальный район,3,21118.035925014687,3519.6666666666656
Агрызский муниципальный район,6,89952.71628916379,3002.3333333333335
Агрызский муниципальный район,12,61336.87189778596,2402.36111111111
Адамовский муниципальный район,1,16115.339087335931,5332.117647058825
Адамовский муниципальный район,3,47406.27329035249,2939.866666666665
Адамовский муниципальный район,6,10651.540541499748,2310.4444444444453
Адамовский муниципальный район,12,19226.62478538261,2641.5555555555566
Азнакаевский муниципальный район,1,17111.15137458957,4033.5294117647063
Азнакаевский муниципальный район,3,20522.73426482959,2260.933333333333
Азнакаевский муниципальный район,6,7583.844379995266,1972.6666666666667
Азнакаевский муниципальный район,12,11006.46774558486,2202.277777777777
Азовский немецкий национальный муниципальный район,1,3898.590939615766,4393.176470588234
Азовский немецкий национальный муниципальный район,3,30266.708636433865,2368.1333333333328
Азовский немецкий национальный муниципальный район,6,11330.045145352344,2095.9166666666665
Азовский немецкий национальный муниципальный район,12,167987.80331997835,1879.2777777777767
Акбулакский муниципальный район,1,11479.101397426595,3638.588235294119
Акбулакский муниципальный район,3,17522.60098691713,1623.3333333333333
Акбулакский муниципальный район,6,5929.948973499947,1535.6666666666654
Акбулакский муниципальный район,12,21765.115161023514,1720.1944444444453
Аксубаевский муниципальный район,1,509.74332032045277,3281.823529411766
Аксубаевский муниципальный район,3,27248.693545207323,1969.4000000000003
Аксубаевский муниципальный район,6,9824.334800000399,1961.4999999999989
Аксубаевский муниципальный район,12,19379.497714944602,2115.5833333333335
Актанышский муниципальный район,1,6712.51790501568,2892.0588235294126
Актанышский муниципальный район,3,20575.773565846775,1544.0666666666668
Актанышский муниципальный район,6,10925.10223954234,1586.8333333333321
Актанышский муниципальный район,12,6715.821729701944,1860.9166666666667
Алагирский муниципальный район,1,6245.959081664449,5718.823529411766
Алагирский муниципальный район,3,10608.303250247747,2691.3333333333344
Алагирский муниципальный район,6,7142.156573412486,2225.8888888888882
Алагирский муниципальный район,12,38216.4544462407,1589.3055555555559
Аларский муниципальный район,1,1949.1087482735747,7999.058823529413
Аларский муниципальный район,3,16803.55800024877,2946.0000000000014
Аларский муниципальный район,6,8852.58665890249,2576.5555555555547
Аларский муниципальный район,12,34241.71508480349,2025.833333333334
Алданский муниципальный район,1,10094.688478265729,12030.058823529413
Алданский муниципальный район,3,25538.857232121547,5788.466666666667
Алданский муниципальный район,6,11483.206093296385,6686.833333333331
Алданский муниципальный район,12,75285.53336964398,5593.916666666667
Александро-Невский муниципальный район,1,4318.120616461929,7682.176470588234
Александро-Невский муниципальный район,3,22640.792046543225,4597.2666666666655
Александро-Невский муниципальный район,6,26301.46248047271,2848.333333333332
Александро-Невский муниципальный район,12,37468.32345473244,2640.86111111111
Александрово-Гайский муниципальный район,1,8756.649204516187,4685.470588235294
Александрово-Гайский муниципальный район,3,16447.548949772656,1948.600000000001
Александрово-Гайский муниципальный район,6,7994.848313033316,2458.0
Александрово-Гайский муниципальный район,12,13521.527481452207,2547.75
Александровский муниципальный округ,1,2704.118284029282,7056.176470588234
Александровский муниципальный округ,3,52769.37858820268,4188.999999999999
Александровский муниципальный округ,6,41675.53572167101,3560.2500000000014
Александровский муниципальный округ,12,5568.207690007085,2571.472222222223
Александровский муниципальный район,1,8496.6932200956,7952.2354856004895
Александровский муниципальный район,3,55447.46035162915,4066.000217013887
Александровский муниципальный район,6,7423.250948457909,3868.2502170138873
Александровский муниципальный район,12,91717.91340830091,3930.500271267361
Алексеевский муниципальный район,1,6019.236195359968,6833.843060661766
Алексеевский муниципальный район,3,18888.213033628595,3339.6887586805556
Алексеевский муниципальный район,6,6501.043204741567,2802.194281684027
Алексеевский муниципальный район,12,210657.52376749672,2836.1477864583335
Аликовский муниципальный округ,1,2535.8291912069544,3582.8823529411766
Аликовский муниципальный округ,3,6638.167013239957,1774.1999999999996
Аликовский муниципальный округ,6,4900.123774225167,1638.2499999999993
Аликовский муниципальный округ,12,35567.60356839876,1349.805555555555
Алтайский муниципальный район,1,11330.106134344525,6139.529411764706
Алтайский муниципальный район,3,11896.796414591701,3132.1333333333337
Алтайский муниципальный район,6,6031.626855200622,2894.7916666666665
Алтайский муниципальный район,12,22588.180454107893,2320.9027777777787
Алькеевский муниципальный район,1,6958.256206414742,3851.352941176472
Алькеевский муниципальный район,3,9628.624805716458,1473.6666666666667
Алькеевский муниципальный район,6,6800.7996838072,1264.388888888888
Алькеевский муниципальный район,12,19518.55570897878,1343.9166666666667
Альменевский муниципальный округ,1,10122.204068743813,5278.0
Альменевский муниципальный округ,3,29318.99283296881,2678.533333333334
Альменевский муниципальный округ,6,9815.234777063819,2813.9166666666665
Альменевский муниципальный округ,12,32825.60480337866,2748.6666666666665
Альметьевский муниципальный район,1,707.0183345310288,6996.411764705881
Альметьевский муниципальный район,3,6702.898442294968,3945.2666666666664
Альметьевский муниципальный район,6,7241.052021670985,3511.083333333332
Альметьевский муниципальный район,12,49120.09832165759,3192.9166666666665
Альшеевский муниципальный район,1,28859.626832031427,4035.9411764705874
Альшеевский муниципальный район,3,21471.469481269727,1628.0666666666657
Альшеевский муниципальный район,6,4384.61952382378,1487.611111111112
Альшеевский муниципальный район,12,31815.46308345476,1488.6944444444453
Амгинский муниципальный район,1,11149.152172026137,11197.0
Амгинский муниципальный район,3,44344.916868302156,4029.533333333333
Амгинский муниципальный район,6,13218.734704044224,4202.916666666668
Амгинский муниципальный район,12,45979.32170256641,3296.3333333333335
Амурский муниципальный район,1,2090.4260969331226,9581.058823529413
Амурский муниципальный район,3,40385.16817060205,5100.133333333332
Амурский муниципальный район,6,14384.259881929544,4187.416666666665
Амурский муниципальный район,12,72502.4452272697,4204.8888888888905
Анадырский муниципальный район,1,7637.6038454111695,13807.411764705888
Анадырский муниципальный район,3,34360.906746191,7400.844444444444
Анадырский муниципальный район,6,10587.872998925746,13355.250000000002
Анадырский муниципальный район,12,70915.541207977,9199.333333333336
Андроповский муниципальный округ,1,6270.552657539825,6969.2941176470595
Андроповский муниципальный округ,3,23648.65114044379,3418.5333333333315
Андроповский муниципальный округ,6,5242.652288637022,2664.4166666666665
Андроповский муниципальный округ,12,67541.67030840922,2302.5
Антроповский муниципальный район,1,5211.699486148111,6639.176470588234
Антроповский муниципальный район,3,25460.916938133607,3521.6
Антроповский муниципальный район,6,7774.360625123173,2367.2500000000014
Антроповский муниципальный район,12,13116.611685063248,1583.1388888888894
Анучинский муниципальный округ,1,5289.449942015952,7903.411764705881
Анучинский муниципальный округ,3,57600.67590024264,4512.8
Анучинский муниципальный округ,6,2276.0790574342827,3413.0
Анучинский муниципальный округ,12,45955.536917419435,2193.1111111111118
Апанасенковский муниципальный округ,1,6004.817160207182,6247.176470588234
Апанасенковский муниципальный округ,3,43961.904462919505,3047.3333333333335
Апанасенковский муниципальный округ,6,4951.011057838681,2824.4166666666656
Апанасенковский муниципальный округ,12,138575.56573753268,2230.4166666666665
Апастовский муниципальный район,1,5726.717481870675,4125.647058823528
Апастовский муниципальный район,3,18151.626650167873,2344.933333333333
Апастовский муниципальный район,6,9726.042952517466,1789.6666666666667
Апастовский муниципальный район,12,27735.613532497082,1571.0833333333333
Аргаяшский муниципальный район,1,515.9989727056891,5393.235294117647
Аргаяшский муниципальный район,3,23856.371902861156,3343.5333333333315
Аргаяшский муниципальный район,6,21285.030931984315,2821.4166666666656
Аргаяшский муниципальный район,12,30072.662660388083,2528.36111111111
