mo,horizon,MAE_prophet,MAE_lgbm,R2_prophet,R2_lgbm
Абазинский муниципальный район,1,1681.7043000263366,4734.647058823528,,
Абазинский муниципальный район,3,1330.9056193091176,2824.333333333332,0.144789722727253,-3.3980142235111526
Абазинский муниципальный район,6,1171.9523015362138,3333.6666666666656,-0.059696783359209915,-7.467429600746545
Абазинский муниципальный район,12,2950.0394085043736,2497.6111111111118,-1.2250547015102273,-0.9253539289731825
Абанский муниципальный район,1,4617.066089400803,5971.470588235294,,
Абанский муниципальный район,3,2159.372605476276,2259.2666666666664,0.023074631346417074,-0.7231958409374368
Абанский муниципальный район,6,1631.8475036816228,1786.1666666666667,0.10390988039518578,-0.5618083355628185
Абанский муниципальный район,12,1610.304447317688,1927.4722222222215,0.060219776322968044,-0.4860645508107939
Абатский муниципальный район,1,3837.7566165311364,6113.588235294119,,
Абатский муниципальный район,3,1953.7490126514228,2897.5333333333315,0.10497773311883551,-1.3833227149817087
Абатский муниципальный район,6,1693.0681967363391,2995.416666666668,0.002296196136575168,-2.2059442813283803
Абатский муниципальный район,12,1587.6383518489483,2553.7777777777787,0.2168071703394231,-0.912924897828338
Абзелиловский муниципальный район,1,3071.1303502158007,4166.588235294119,,
Абзелиловский муниципальный район,3,1420.7897140737903,1730.133333333334,0.039523725653751396,-0.9369609971898394
Абзелиловский муниципальный район,6,1074.1077005275492,1423.4444444444453,0.1263832361166467,-0.8136772380437134
Абзелиловский муниципальный район,12,1114.7670678333363,1811.5,-0.04728916497965918,-1.4126966793597036
Агинский муниципальный район,1,4691.698014214595,7055.0,,
Агинский муниципальный район,3,2148.4130516289274,4354.466666666666,-0.853776681417671,-4.083474354015
Агинский муниципальный район,6,3061.5659012818287,4336.083333333335,-2.7966884687458204,-5.855164830239754
Агинский муниципальный район,12,2013.681205195652,2643.75,0.3390126435198553,-0.3055595803864877
Агрызский муниципальный район,1,3140.0100416777823,5125.470588235294,,
Агрызский муниципальный район,3,1712.035858899623,3519.6666666666656,-1.4270838677107602,-6.8017784769406555
Агрызский муниципальный район,6,1456.7724932008193,3002.3333333333335,-0.8377712645244411,-4.764320985640551
Агрызский муниципальный район,12,1146.702248141826,2402.36111111111,0.3049966857684505,-1.3835828875042266
Адамовский муниципальный район,1,3105.8813532932436,5332.117647058825,,
Адамовский муниципальный район,3,1358.404807640448,2939.866666666665,0.10400256891952386,-2.5200516027567406
Адамовский муниципальный район,6,1430.9293404583677,2310.4444444444453,0.0885062973295806,-1.4333780004466283
Адамовский муниципальный район,12,1010.5205269312073,2641.5555555555566,0.39438623267845674,-2.230618852204615
Азнакаевский муниципальный район,1,2355.8293835096556,4033.5294117647063,,
Азнакаевский муниципальный район,3,993.5910401646228,2260.933333333333,0.03917936940488009,-2.7020155558144947
Азнакаевский муниципальный район,6,847.0617853611153,1972.6666666666667,0.21445261665905635,-2.638035188742688
Азнакаевский муниципальный район,12,1030.2703162175824,2202.277777777777,-0.06810370776533325,-2.865826352900308
Азовский немецкий национальный муниципальный район,1,3062.0556187916627,4393.176470588234,,
Азовский немецкий национальный муниципальный район,3,1436.7016131718738,2368.1333333333328,-0.31164834780100614,-2.1800166324397527
Азовский немецкий национальный муниципальный район,6,1381.544511235139,2095.9166666666665,-0.2554698683563399,-1.9715045718744548
Азовский немецкий национальный муниципальный район,12,1089.0729841680657,1879.2777777777767,0.3027172128662512,-0.5739985962713752
Акбулакский муниципальный район,1,2153.533556507784,3638.588235294119,,
Акбулакский муниципальный район,3,1300.8484687890038,1623.3333333333333,0.13523014648559795,-1.1558381696927889
Акбулакский муниципальный район,6,1102.0951573953116,1535.6666666666654,0.07129237442055758,-1.4781575570912677
Акбулакский муниципальный район,12,1360.336472280136,1720.1944444444453,-0.1590342892383827,-0.6768937542566467
Аксубаевский муниципальный район,1,1400.2891269187385,3281.823529411766,,
Аксубаевский муниципальный район,3,846.5063579128691,1969.4000000000003,0.29490197720493705,-3.5072192628242167
Аксубаевский муниципальный район,6,927.6088413060825,1961.4999999999989,0.09055393827528391,-3.470171209181233
Аксубаевский муниципальный район,12,930.7868781766805,2115.5833333333335,0.43128382649220776,-2.1527719525153826
Актанышский муниципальный район,1,1519.893298764724,2892.0588235294126,,
Актанышский муниципальный район,3,851.4531774462885,1544.0666666666668,0.18593977971524844,-2.2599110455216076
Актанышский муниципальный район,6,836.1206318788705,1586.8333333333321,0.04697723339777182,-2.8538057300301976
Актанышский муниципальный район,12,1042.815212140819,1860.9166666666667,-0.004720843339852898,-1.7106912222882666
Алагирский муниципальный район,1,3185.8497011753825,5718.823529411766,,
Алагирский муниципальный район,3,1922.8042032163746,2691.3333333333344,0.19762155415468363,-1.4514176828935699
Алагирский муниципальный район,6,1827.5189890635836,2225.8888888888882,-0.13867528775313187,-1.1350757359508425
Алагирский муниципальный район,12,5510.655313992487,1589.3055555555559,-8.41411975120787,-0.35958375590210134
Аларский муниципальный район,1,6705.307338610222,7999.058823529413,,
Аларский муниципальный район,3,2814.833423406446,2946.0000000000014,-0.09077233914990779,-0.6651957180912256
Аларский муниципальный район,6,2172.4377630654617,2576.5555555555547,-0.057902403337472874,-0.7324991237751617
Аларский муниципальный район,12,2285.6339284565706,2025.833333333334,0.0020475023658662606,-0.17009264699498816
Алданский муниципальный район,1,6513.276139069851,12030.058823529413,,
Алданский муниципальный район,3,4056.5195997267633,5788.466666666667,0.17808543689071576,-1.5615423527568675
Алданский муниципальный район,6,3691.6873950047557,6686.833333333331,-0.03316434743475183,-3.0448219139171124
Алданский муниципальный район,12,4131.280820231421,5593.916666666667,-0.09101579036831797,-0.7588568970692369
Александро-Невский муниципальный район,1,5479.45040718724,7682.176470588234,,
Александро-Невский муниципальный район,3,2594.3995624372583,4597.2666666666655,-1.0236149415134475,-3.6046695410723153
Александро-Невский муниципальный район,6,1540.9330329130291,2848.333333333332,0.2313171796580774,-1.2067285958340417
Александро-Невский муниципальный район,12,1555.1314073838557,2640.86111111111,0.3667440238230987,-0.8557978384642266
Александрово-Гайский муниципальный район,1,2625.714731548509,4685.470588235294,,
Александрово-Гайский муниципальный район,3,1867.1079571854486,1948.600000000001,0.10389841081744855,-0.9674862650063758
Александрово-Гайский муниципальный район,6,1329.0475969957545,2458.0,0.05907765493441097,-2.3100630044399333
Александрово-Гайский муниципальный район,12,1207.9818753334027,2547.75,0.372820858032363,-1.3837802356936129
Александровский муниципальный округ,1,4596.864029044536,7056.176470588234,,
Александровский муниципальный округ,3,1826.2151009774716,4188.999999999999,-0.4955535791190131,-3.4563013372272433
Александровский муниципальный округ,6,1570.5544420878061,3560.2500000000014,-0.24627127824778383,-3.0306082001216312
Александровский муниципальный округ,12,1257.6379421146203,2571.472222222223,0.5394376975480208,-1.0694750434140126
Александровский муниципальный район,1,4673.333593640535,7952.2354856004895,,
Александровский муниципальный район,3,2337.464144621232,4066.000217013887,0.14117646255549554,-1.928581661211323
Александровский муниципальный район,6,1782.6828880769353,3868.2502170138873,0.17929548123490502,-2.7440110600493037
Александровский муниципальный район,12,1446.8513351066695,3930.500271267361,0.4750409678144387,-2.1108396424011446
Алексеевский муниципальный район,1,4674.367253845663,6833.843060661766,,
Алексеевский муниципальный район,3,1942.7761029494407,3339.6887586805556,-0.02335523455546573,-1.655000881991775
Алексеевский муниципальный район,6,1382.2322325906032,2802.194281684027,0.16247329874568694,-1.7625367386827406
Алексеевский муниципальный район,12,1295.2746803823359,2836.1477864583335,0.3740972594997307,-1.2306075172524609
Аликовский муниципальный округ,1,2780.875089218942,3582.8823529411766,,
Аликовский муниципальный округ,3,977.198630844959,1774.1999999999996,-0.4461975457919862,-1.7341124818570535
Аликовский муниципальный округ,6,1151.0049978686582,1638.2499999999993,-0.5859027261856744,-1.5103341214178996
Аликовский муниципальный округ,12,1113.9868329936655,1349.805555555555,-0.24252526297703159,-0.6053220067983858
Алтайский муниципальный район,1,3642.796784836566,6139.529411764706,,
Алтайский муниципальный район,3,1783.8299199722326,3132.1333333333337,0.1361631564060195,-1.9104686590747977
Алтайский муниципальный район,6,1545.4071136059508,2894.7916666666665,0.14883651112417362,-2.2618391052280513
Алтайский муниципальный район,12,3013.0299210960256,2320.9027777777787,-1.1378773944972704,-0.5456831159330031
Алькеевский муниципальный район,1,2654.6391917618967,3851.352941176472,,
Алькеевский муниципальный район,3,1483.2858315365265,1473.6666666666667,0.12496535344664816,-0.7479405579609855
Алькеевский муниципальный район,6,1248.5816007787241,1264.388888888888,0.06399151080347187,-0.7583164915516551
Алькеевский муниципальный район,12,1135.0022230182005,1343.9166666666667,-0.10683633774783075,-0.9682572636986084
Альменевский муниципальный округ,1,2863.6139848636703,5278.0,,
Альменевский муниципальный округ,3,1650.6379899377,2678.533333333334,0.1521110986136649,-1.7682591143673938
Альменевский муниципальный округ,6,1215.085391199106,2813.9166666666665,0.14571779670110618,-3.062741717899482
Альменевский муниципальный округ,12,1037.120482965538,2748.6666666666665,0.4969524299229049,-2.0022804458015884
Альметьевский муниципальный район,1,3642.4011868864545,6996.411764705881,,
Альметьевский муниципальный район,3,1826.4597006245458,3945.2666666666664,0.20168251097914436,-2.824195355241658
Альметьевский муниципальный район,6,1498.8988455016308,3511.083333333332,0.2412548663454075,-2.886243334189454
Альметьевский муниципальный район,12,2198.746219243759,3192.9166666666665,-0.2882906791206894,-1.7408867686743852
Альшеевский муниципальный район,1,2991.274748948388,4035.9411764705874,,
Альшеевский муниципальный район,3,1409.7793144894956,1628.0666666666657,0.05146929725105842,-0.8680915000399911
Альшеевский муниципальный район,6,1182.1477056324486,1487.611111111112,0.11229142042655915,-0.7679260172557998
Альшеевский муниципальный район,12,948.7831896320768,1488.6944444444453,0.24346434554674912,-0.7824704285709283
Амгинский муниципальный район,1,8782.051098017677,11197.0,,
Амгинский муниципальный район,3,4219.90993713514,4029.533333333333,0.03833330980530136,-0.6223108343571373
Амгинский муниципальный район,6,3512.2605409780276,4202.916666666668,-0.1610886152951474,-1.0593532070585967
Амгинский муниципальный район,12,5184.055730711015,3296.3333333333335,-0.6655794571086193,-0.03486277944942939
Амурский муниципальный район,1,6542.624910279592,9581.058823529413,,
Амурский муниципальный район,3,2315.9809859906527,5100.133333333332,-0.2136447860170938,-2.2501734054886513
Амурский муниципальный район,6,1762.6710576168273,4187.416666666665,0.0794501808386292,-2.059613617098339
Амурский муниципальный район,12,2233.210761435909,4204.8888888888905,0.03137986403102322,-1.6783957206955868
Анадырский муниципальный район,1,4523.1039075748995,13807.411764705888,,
Анадырский муниципальный район,3,5816.760594531491,7400.844444444444,-0.3988928334572115,-1.036428245224279
Анадырский муниципальный район,6,8424.801592253587,13355.250000000002,-1.1853240107723089,-4.058679371161985
Анадырский муниципальный район,12,9810.052888245675,9199.333333333336,-0.23050693379798504,-0.2414499433699424
Андроповский муниципальный округ,1,5024.1330445342755,6969.2941176470595,,
Андроповский муниципальный округ,3,1880.2435969512542,3418.5333333333315,-0.158793040684319,-1.6754573544344562
Андроповский муниципальный округ,6,1517.813875371996,2664.4166666666665,0.11750865651423825,-1.3378442072611554
Андроповский муниципальный округ,12,1613.7981514607363,2302.5,0.23565454634317895,-0.7028622388934691
Антроповский муниципальный район,1,5136.887910229409,6639.176470588234,,
Антроповский муниципальный район,3,2156.9131060609907,3521.6,-0.7418876427331424,-2.2276563865091936
Антроповский муниципальный район,6,1215.1585388983247,2367.2500000000014,-0.015562212615605198,-1.198217855409371
Антроповский муниципальный район,12,2694.668798018455,1583.1388888888894,-0.6854403625967391,-0.15315981517707944
Анучинский муниципальный округ,1,5665.230983698697,7903.411764705881,,
Анучинский муниципальный округ,3,2436.407299284199,4512.8,-0.7440055968236632,-2.96669943722336
Анучинский муниципальный округ,6,1487.5929315873334,3413.0,-0.13420640204718626,-2.037251181430206
Анучинский муниципальный округ,12,2452.4182969841527,2193.1111111111118,-0.02157015009381813,-0.557911094363889
Апанасенковский муниципальный округ,1,4059.7870234306392,6247.176470588234,,
Апанасенковский муниципальный округ,3,1837.0899350800198,3047.3333333333335,0.06945299593701093,-1.6440331388401512
Апанасенковский муниципальный округ,6,1487.530800716538,2824.4166666666656,0.09622478468420725,-2.105204476285674
Апанасенковский муниципальный округ,12,2103.077285200478,2230.4166666666665,-0.25836116655408237,-0.7356559609636257
Апастовский муниципальный район,1,3061.3892609603026,4125.647058823528,,
Апастовский муниципальный район,3,1371.248823036208,2344.933333333333,-0.8913366870562323,-2.887418737469606
Апастовский муниципальный район,6,1151.7758537468253,1789.6666666666667,-0.25426299765588056,-1.6993803266431313
Апастовский муниципальный район,12,1173.7621832891766,1571.0833333333333,-0.1571054543290722,-1.0079001689537934
Аргаяшский муниципальный район,1,3417.615584266281,5393.235294117647,,
Аргаяшский муниципальный район,3,1442.3270810685644,3343.5333333333315,-0.6192671848859439,-4.199617656862888
Аргаяшский муниципальный район,6,1232.7224565000797,2821.4166666666656,-0.1827691349563958,-3.2954145379271136
Аргаяшский муниципальный район,12,1165.561819594405,2528.36111111111,0.36075515771724276,-1.2711184395354156
